General information:
Number of sites: 256
Lattice vectors:
17.211773 0.000000 0.000000
0.000000 17.211773 0.000000
0.000000 0.000000 17.211773

Atom 0 (Fe): Coordinates (2.151472, 2.151472, 2.151472)
Nearest neighbours: 
      64       88      104      112      128      152      160      184      192      208      232      248        0        0        0 
Distances 
  3.0426   3.0426   3.0426   3.0426   3.0426   3.0426   3.0426   3.0426   3.0426   3.0426   3.0426   3.0426   0.0000   0.0000   0.0000 

Displacements 
  0.0000   0.0000   0.0000   0.0000  -2.1515  -2.1515   2.1515   2.1515  -2.1515   2.1515  -2.1515   2.1515   0.0000   0.0000   0.0000 
 -2.1515  -2.1515   2.1515   2.1515   0.0000   0.0000   0.0000   0.0000  -2.1515   2.1515   2.1515  -2.1515   0.0000   0.0000   0.0000 
 -2.1515   2.1515  -2.1515   2.1515  -2.1515   2.1515   2.1515  -2.1515   0.0000   0.0000   0.0000   0.0000   0.0000   0.0000   0.0000 

Atom 1 (Fe): Coordinates (10.757358, 2.151472, 2.151472)
Nearest neighbours: 
      65       89      105      113      129      153      161      185      193      209      233      249        0        0        0 
Distances 
  3.0426   3.0426   3.0426   3.0426   3.0426   3.0426   3.0426   3.0426   3.0426   3.0426   3.0426   3.0426   0.0000   0.0000   0.0000 

Displacements 
  0.0000   0.0000   0.0000   0.0000  -2.1515  -2.1515   2.1515   2.1515  -2.1515   2.1515  -2.1515   2.1515   0.0000   0.0000   0.0000 
 -2.1515  -2.1515   2.1515   2.1515   0.0000   0.0000   0.0000   0.0000  -2.1515   2.1515   2.1515  -2.1515   0.0000   0.0000   0.0000 
 -2.1515   2.1515  -2.1515   2.1515  -2.1515   2.1515   2.1515  -2.1515   0.0000   0.0000   0.0000   0.0000   0.0000   0.0000   0.0000 

Atom 2 (Fe): Coordinates (2.151472, 10.757358, 2.151472)
Nearest neighbours: 
      66       90      106      114      130      154      162      186      194      210      234      250        0        0        0 
Distances 
  3.0426   3.0426   3.0426   3.0426   3.0426   3.0426   3.0426   3.0426   3.0426   3.0426   3.0426   3.0426   0.0000   0.0000   0.0000 

Displacements 
  0.0000   0.0000   0.0000   0.0000  -2.1515  -2.1515   2.1515   2.1515  -2.1515   2.1515  -2.1515   2.1515   0.0000   0.0000   0.0000 
 -2.1515  -2.1515   2.1515   2.1515   0.0000   0.0000   0.0000   0.0000  -2.1515   2.1515   2.1515  -2.1515   0.0000   0.0000   0.0000 
 -2.1515   2.1515  -2.1515   2.1515  -2.1515   2.1515   2.1515  -2.1515   0.0000   0.0000   0.0000   0.0000   0.0000   0.0000   0.0000 

Atom 3 (Fe): Coordinates (10.757358, 10.757358, 2.151472)
Nearest neighbours: 
      67       91      107      115      131      155      163      187      195      211      235      251        0        0        0 
Distances 
  3.0426   3.0426   3.0426   3.0426   3.0426   3.0426   3.0426   3.0426   3.0426   3.0426   3.0426   3.0426   0.0000   0.0000   0.0000 

Displacements 
  0.0000   0.0000   0.0000   0.0000  -2.1515  -2.1515   2.1515   2.1515  -2.1515   2.1515  -2.1515   2.1515   0.0000   0.0000   0.0000 
 -2.1515  -2.1515   2.1515   2.1515   0.0000   0.0000   0.0000   0.0000  -2.1515   2.1515   2.1515  -2.1515   0.0000   0.0000   0.0000 
 -2.1515   2.1515  -2.1515   2.1515  -2.1515   2.1515   2.1515  -2.1515   0.0000   0.0000   0.0000   0.0000   0.0000   0.0000   0.0000 

Atom 4 (Fe): Coordinates (2.151472, 2.151472, 10.757358)
Nearest neighbours: 
      68       92      108      116      132      156      164      188      196      212      236      252        0        0        0 
Distances 
  3.0426   3.0426   3.0426   3.0426   3.0426   3.0426   3.0426   3.0426   3.0426   3.0426   3.0426   3.0426   0.0000   0.0000   0.0000 

Displacements 
  0.0000   0.0000   0.0000   0.0000  -2.1515  -2.1515   2.1515   2.1515  -2.1515   2.1515  -2.1515   2.1515   0.0000   0.0000   0.0000 
 -2.1515  -2.1515   2.1515   2.1515   0.0000   0.0000   0.0000   0.0000  -2.1515   2.1515   2.1515  -2.1515   0.0000   0.0000   0.0000 
 -2.1515   2.1515  -2.1515   2.1515  -2.1515   2.1515   2.1515  -2.1515   0.0000   0.0000   0.0000   0.0000   0.0000   0.0000   0.0000 

Atom 5 (Fe): Coordinates (10.757358, 2.151472, 10.757358)
Nearest neighbours: 
      69       93      109      117      133      157      165      189      197      213      237      253        0        0        0 
Distances 
  3.0426   3.0426   3.0426   3.0426   3.0426   3.0426   3.0426   3.0426   3.0426   3.0426   3.0426   3.0426   0.0000   0.0000   0.0000 

Displacements 
  0.0000   0.0000   0.0000   0.0000  -2.1515  -2.1515   2.1515   2.1515  -2.1515   2.1515  -2.1515   2.1515   0.0000   0.0000   0.0000 
 -2.1515  -2.1515   2.1515   2.1515   0.0000   0.0000   0.0000   0.0000  -2.1515   2.1515   2.1515  -2.1515   0.0000   0.0000   0.0000 
 -2.1515   2.1515  -2.1515   2.1515  -2.1515   2.1515   2.1515  -2.1515   0.0000   0.0000   0.0000   0.0000   0.0000   0.0000   0.0000 

Atom 6 (Fe): Coordinates (2.151472, 10.757358, 10.757358)
Nearest neighbours: 
      70       94      110      118      134      158      166      190      198      214      238      254        0        0        0 
Distances 
  3.0426   3.0426   3.0426   3.0426   3.0426   3.0426   3.0426   3.0426   3.0426   3.0426   3.0426   3.0426   0.0000   0.0000   0.0000 

Displacements 
  0.0000   0.0000   0.0000   0.0000  -2.1515  -2.1515   2.1515   2.1515  -2.1515   2.1515  -2.1515   2.1515   0.0000   0.0000   0.0000 
 -2.1515  -2.1515   2.1515   2.1515   0.0000   0.0000   0.0000   0.0000  -2.1515   2.1515   2.1515  -2.1515   0.0000   0.0000   0.0000 
 -2.1515   2.1515  -2.1515   2.1515  -2.1515   2.1515   2.1515  -2.1515   0.0000   0.0000   0.0000   0.0000   0.0000   0.0000   0.0000 

Atom 7 (Fe): Coordinates (10.757358, 10.757358, 10.757358)
Nearest neighbours: 
      71       95      111      119      135      159      167      191      199      215      239      255        0        0        0 
Distances 
  3.0426   3.0426   3.0426   3.0426   3.0426   3.0426   3.0426   3.0426   3.0426   3.0426   3.0426   3.0426   0.0000   0.0000   0.0000 

Displacements 
  0.0000   0.0000   0.0000   0.0000  -2.1515  -2.1515   2.1515   2.1515  -2.1515   2.1515  -2.1515   2.1515   0.0000   0.0000   0.0000 
 -2.1515  -2.1515   2.1515   2.1515   0.0000   0.0000   0.0000   0.0000  -2.1515   2.1515   2.1515  -2.1515   0.0000   0.0000   0.0000 
 -2.1515   2.1515  -2.1515   2.1515  -2.1515   2.1515   2.1515  -2.1515   0.0000   0.0000   0.0000   0.0000   0.0000   0.0000   0.0000 

Atom 8 (Fe): Coordinates (6.454415, 6.454415, 6.454415)
Nearest neighbours: 
      78       82      100      120      141      145      168      180      203      216      225      242        0        0        0 
Distances 
  3.0426   3.0426   3.0426   3.0426   3.0426   3.0426   3.0426   3.0426   3.0426   3.0426   3.0426   3.0426   0.0000   0.0000   0.0000 

Displacements 
  0.0000   0.0000   0.0000   0.0000  -2.1515  -2.1515   2.1515   2.1515  -2.1515   2.1515  -2.1515   2.1515   0.0000   0.0000   0.0000 
 -2.1515  -2.1515   2.1515   2.1515   0.0000   0.0000   0.0000   0.0000  -2.1515   2.1515   2.1515  -2.1515   0.0000   0.0000   0.0000 
 -2.1515   2.1515  -2.1515   2.1515  -2.1515   2.1515   2.1515  -2.1515   0.0000   0.0000   0.0000   0.0000   0.0000   0.0000   0.0000 

Atom 9 (Fe): Coordinates (15.060301, 6.454415, 6.454415)
Nearest neighbours: 
      79       83      101      121      140      144      169      181      202      217      224      243        0        0        0 
Distances 
  3.0426   3.0426   3.0426   3.0426   3.0426   3.0426   3.0426   3.0426   3.0426   3.0426   3.0426   3.0426   0.0000   0.0000   0.0000 

Displacements 
  0.0000   0.0000   0.0000   0.0000  -2.1515  -2.1515   2.1515   2.1515  -2.1515   2.1515  -2.1515   2.1515   0.0000   0.0000   0.0000 
 -2.1515  -2.1515   2.1515   2.1515   0.0000   0.0000   0.0000   0.0000  -2.1515   2.1515   2.1515  -2.1515   0.0000   0.0000   0.0000 
 -2.1515   2.1515  -2.1515   2.1515  -2.1515   2.1515   2.1515  -2.1515   0.0000   0.0000   0.0000   0.0000   0.0000   0.0000   0.0000 

Atom 10 (Fe): Coordinates (6.454415, 15.060301, 6.454415)
Nearest neighbours: 
      76       80      102      122      143      147      170      182      201      218      227      240        0        0        0 
Distances 
  3.0426   3.0426   3.0426   3.0426   3.0426   3.0426   3.0426   3.0426   3.0426   3.0426   3.0426   3.0426   0.0000   0.0000   0.0000 

Displacements 
  0.0000   0.0000   0.0000   0.0000  -2.1515  -2.1515   2.1515   2.1515  -2.1515   2.1515  -2.1515   2.1515   0.0000   0.0000   0.0000 
 -2.1515  -2.1515   2.1515   2.1515   0.0000   0.0000   0.0000   0.0000  -2.1515   2.1515   2.1515  -2.1515   0.0000   0.0000   0.0000 
 -2.1515   2.1515  -2.1515   2.1515  -2.1515   2.1515   2.1515  -2.1515   0.0000   0.0000   0.0000   0.0000   0.0000   0.0000   0.0000 

Atom 11 (Fe): Coordinates (15.060301, 15.060301, 6.454415)
Nearest neighbours: 
      77       81      103      123      142      146      171      183      200      219      226      241        0        0        0 
Distances 
  3.0426   3.0426   3.0426   3.0426   3.0426   3.0426   3.0426   3.0426   3.0426   3.0426   3.0426   3.0426   0.0000   0.0000   0.0000 

Displacements 
  0.0000   0.0000   0.0000   0.0000  -2.1515  -2.1515   2.1515   2.1515  -2.1515   2.1515  -2.1515   2.1515   0.0000   0.0000   0.0000 
 -2.1515  -2.1515   2.1515   2.1515   0.0000   0.0000   0.0000   0.0000  -2.1515   2.1515   2.1515  -2.1515   0.0000   0.0000   0.0000 
 -2.1515   2.1515  -2.1515   2.1515  -2.1515   2.1515   2.1515  -2.1515   0.0000   0.0000   0.0000   0.0000   0.0000   0.0000   0.0000 

Atom 12 (Fe): Coordinates (6.454415, 6.454415, 15.060301)
Nearest neighbours: 
      74       86       96      124      137      149      172      176      207      220      229      246        0        0        0 
Distances 
  3.0426   3.0426   3.0426   3.0426   3.0426   3.0426   3.0426   3.0426   3.0426   3.0426   3.0426   3.0426   0.0000   0.0000   0.0000 

Displacements 
  0.0000   0.0000   0.0000   0.0000  -2.1515  -2.1515   2.1515   2.1515  -2.1515   2.1515  -2.1515   2.1515   0.0000   0.0000   0.0000 
 -2.1515  -2.1515   2.1515   2.1515   0.0000   0.0000   0.0000   0.0000  -2.1515   2.1515   2.1515  -2.1515   0.0000   0.0000   0.0000 
 -2.1515   2.1515  -2.1515   2.1515  -2.1515   2.1515   2.1515  -2.1515   0.0000   0.0000   0.0000   0.0000   0.0000   0.0000   0.0000 

Atom 13 (Fe): Coordinates (15.060301, 6.454415, 15.060301)
Nearest neighbours: 
      75       87       97      125      136      148      173      177      206      221      228      247        0        0        0 
Distances 
  3.0426   3.0426   3.0426   3.0426   3.0426   3.0426   3.0426   3.0426   3.0426   3.0426   3.0426   3.0426   0.0000   0.0000   0.0000 

Displacements 
  0.0000   0.0000   0.0000   0.0000  -2.1515  -2.1515   2.1515   2.1515  -2.1515   2.1515  -2.1515   2.1515   0.0000   0.0000   0.0000 
 -2.1515  -2.1515   2.1515   2.1515   0.0000   0.0000   0.0000   0.0000  -2.1515   2.1515   2.1515  -2.1515   0.0000   0.0000   0.0000 
 -2.1515   2.1515  -2.1515   2.1515  -2.1515   2.1515   2.1515  -2.1515   0.0000   0.0000   0.0000   0.0000   0.0000   0.0000   0.0000 

Atom 14 (Fe): Coordinates (6.454415, 15.060301, 15.060301)
Nearest neighbours: 
      72       84       98      126      139      151      174      178      205      222      231      244        0        0        0 
Distances 
  3.0426   3.0426   3.0426   3.0426   3.0426   3.0426   3.0426   3.0426   3.0426   3.0426   3.0426   3.0426   0.0000   0.0000   0.0000 

Displacements 
  0.0000   0.0000   0.0000   0.0000  -2.1515  -2.1515   2.1515   2.1515  -2.1515   2.1515  -2.1515   2.1515   0.0000   0.0000   0.0000 
 -2.1515  -2.1515   2.1515   2.1515   0.0000   0.0000   0.0000   0.0000  -2.1515   2.1515   2.1515  -2.1515   0.0000   0.0000   0.0000 
 -2.1515   2.1515  -2.1515   2.1515  -2.1515   2.1515   2.1515  -2.1515   0.0000   0.0000   0.0000   0.0000   0.0000   0.0000   0.0000 

Atom 15 (Fe): Coordinates (15.060301, 15.060301, 15.060301)
Nearest neighbours: 
      73       85       99      127      138      150      175      179      204      223      230      245        0        0        0 
Distances 
  3.0426   3.0426   3.0426   3.0426   3.0426   3.0426   3.0426   3.0426   3.0426   3.0426   3.0426   3.0426   0.0000   0.0000   0.0000 

Displacements 
  0.0000   0.0000   0.0000   0.0000  -2.1515  -2.1515   2.1515   2.1515  -2.1515   2.1515  -2.1515   2.1515   0.0000   0.0000   0.0000 
 -2.1515  -2.1515   2.1515   2.1515   0.0000   0.0000   0.0000   0.0000  -2.1515   2.1515   2.1515  -2.1515   0.0000   0.0000   0.0000 
 -2.1515   2.1515  -2.1515   2.1515  -2.1515   2.1515   2.1515  -2.1515   0.0000   0.0000   0.0000   0.0000   0.0000   0.0000   0.0000 

Atom 16 (Fe): Coordinates (6.454415, 6.454415, 2.151472)
Nearest neighbours: 
      74       82       96      120      137      145      168      176      192      211      234      249        0        0        0 
Distances 
  3.0426   3.0426   3.0426   3.0426   3.0426   3.0426   3.0426   3.0426   3.0426   3.0426   3.0426   3.0426   0.0000   0.0000   0.0000 

Displacements 
  0.0000   0.0000   0.0000   0.0000  -2.1515  -2.1515   2.1515   2.1515   2.1515  -2.1515   2.1515  -2.1515   0.0000   0.0000   0.0000 
 -2.1515  -2.1515   2.1515   2.1515   0.0000   0.0000   0.0000   0.0000   2.1515  -2.1515  -2.1515   2.1515   0.0000   0.0000   0.0000 
  2.1515  -2.1515   2.1515  -2.1515   2.1515  -2.1515  -2.1515   2.1515   0.0000   0.0000   0.0000   0.0000   0.0000   0.0000   0.0000 

Atom 17 (Fe): Coordinates (15.060301, 6.454415, 2.151472)
Nearest neighbours: 
      75       83       97      121      136      144      169      177      193      210      235      248        0        0        0 
Distances 
  3.0426   3.0426   3.0426   3.0426   3.0426   3.0426   3.0426   3.0426   3.0426   3.0426   3.0426   3.0426   0.0000   0.0000   0.0000 

Displacements 
  0.0000   0.0000   0.0000   0.0000  -2.1515  -2.1515   2.1515   2.1515   2.1515  -2.1515   2.1515  -2.1515   0.0000   0.0000   0.0000 
 -2.1515  -2.1515   2.1515   2.1515   0.0000   0.0000   0.0000   0.0000   2.1515  -2.1515  -2.1515   2.1515   0.0000   0.0000   0.0000 
  2.1515  -2.1515   2.1515  -2.1515   2.1515  -2.1515  -2.1515   2.1515   0.0000   0.0000   0.0000   0.0000   0.0000   0.0000   0.0000 

Atom 18 (Fe): Coordinates (6.454415, 15.060301, 2.151472)
Nearest neighbours: 
      72       80       98      122      139      147      170      178      194      209      232      251        0        0        0 
Distances 
  3.0426   3.0426   3.0426   3.0426   3.0426   3.0426   3.0426   3.0426   3.0426   3.0426   3.0426   3.0426   0.0000   0.0000   0.0000 

Displacements 
  0.0000   0.0000   0.0000   0.0000  -2.1515  -2.1515   2.1515   2.1515   2.1515  -2.1515   2.1515  -2.1515   0.0000   0.0000   0.0000 
 -2.1515  -2.1515   2.1515   2.1515   0.0000   0.0000   0.0000   0.0000   2.1515  -2.1515  -2.1515   2.1515   0.0000   0.0000   0.0000 
  2.1515  -2.1515   2.1515  -2.1515   2.1515  -2.1515  -2.1515   2.1515   0.0000   0.0000   0.0000   0.0000   0.0000   0.0000   0.0000 

Atom 19 (Fe): Coordinates (15.060301, 15.060301, 2.151472)
Nearest neighbours: 
      73       81       99      123      138      146      171      179      195      208      233      250        0        0        0 
Distances 
  3.0426   3.0426   3.0426   3.0426   3.0426   3.0426   3.0426   3.0426   3.0426   3.0426   3.0426   3.0426   0.0000   0.0000   0.0000 

Displacements 
  0.0000   0.0000   0.0000   0.0000  -2.1515  -2.1515   2.1515   2.1515   2.1515  -2.1515   2.1515  -2.1515   0.0000   0.0000   0.0000 
 -2.1515  -2.1515   2.1515   2.1515   0.0000   0.0000   0.0000   0.0000   2.1515  -2.1515  -2.1515   2.1515   0.0000   0.0000   0.0000 
  2.1515  -2.1515   2.1515  -2.1515   2.1515  -2.1515  -2.1515   2.1515   0.0000   0.0000   0.0000   0.0000   0.0000   0.0000   0.0000 

Atom 20 (Fe): Coordinates (6.454415, 6.454415, 10.757358)
Nearest neighbours: 
      78       86      100      124      141      149      172      180      196      215      238      253        0        0        0 
Distances 
  3.0426   3.0426   3.0426   3.0426   3.0426   3.0426   3.0426   3.0426   3.0426   3.0426   3.0426   3.0426   0.0000   0.0000   0.0000 

Displacements 
  0.0000   0.0000   0.0000   0.0000  -2.1515  -2.1515   2.1515   2.1515   2.1515  -2.1515   2.1515  -2.1515   0.0000   0.0000   0.0000 
 -2.1515  -2.1515   2.1515   2.1515   0.0000   0.0000   0.0000   0.0000   2.1515  -2.1515  -2.1515   2.1515   0.0000   0.0000   0.0000 
  2.1515  -2.1515   2.1515  -2.1515   2.1515  -2.1515  -2.1515   2.1515   0.0000   0.0000   0.0000   0.0000   0.0000   0.0000   0.0000 

Atom 21 (Fe): Coordinates (15.060301, 6.454415, 10.757358)
Nearest neighbours: 
      79       87      101      125      140      148      173      181      197      214      239      252        0        0        0 
Distances 
  3.0426   3.0426   3.0426   3.0426   3.0426   3.0426   3.0426   3.0426   3.0426   3.0426   3.0426   3.0426   0.0000   0.0000   0.0000 

Displacements 
  0.0000   0.0000   0.0000   0.0000  -2.1515  -2.1515   2.1515   2.1515   2.1515  -2.1515   2.1515  -2.1515   0.0000   0.0000   0.0000 
 -2.1515  -2.1515   2.1515   2.1515   0.0000   0.0000   0.0000   0.0000   2.1515  -2.1515  -2.1515   2.1515   0.0000   0.0000   0.0000 
  2.1515  -2.1515   2.1515  -2.1515   2.1515  -2.1515  -2.1515   2.1515   0.0000   0.0000   0.0000   0.0000   0.0000   0.0000   0.0000 

Atom 22 (Fe): Coordinates (6.454415, 15.060301, 10.757358)
Nearest neighbours: 
      76       84      102      126      143      151      174      182      198      213      236      255        0        0        0 
Distances 
  3.0426   3.0426   3.0426   3.0426   3.0426   3.0426   3.0426   3.0426   3.0426   3.0426   3.0426   3.0426   0.0000   0.0000   0.0000 

Displacements 
  0.0000   0.0000   0.0000   0.0000  -2.1515  -2.1515   2.1515   2.1515   2.1515  -2.1515   2.1515  -2.1515   0.0000   0.0000   0.0000 
 -2.1515  -2.1515   2.1515   2.1515   0.0000   0.0000   0.0000   0.0000   2.1515  -2.1515  -2.1515   2.1515   0.0000   0.0000   0.0000 
  2.1515  -2.1515   2.1515  -2.1515   2.1515  -2.1515  -2.1515   2.1515   0.0000   0.0000   0.0000   0.0000   0.0000   0.0000   0.0000 

Atom 23 (Fe): Coordinates (15.060301, 15.060301, 10.757358)
Nearest neighbours: 
      77       85      103      127      142      150      175      183      199      212      237      254        0        0        0 
Distances 
  3.0426   3.0426   3.0426   3.0426   3.0426   3.0426   3.0426   3.0426   3.0426   3.0426   3.0426   3.0426   0.0000   0.0000   0.0000 

Displacements 
  0.0000   0.0000   0.0000   0.0000  -2.1515  -2.1515   2.1515   2.1515   2.1515  -2.1515   2.1515  -2.1515   0.0000   0.0000   0.0000 
 -2.1515  -2.1515   2.1515   2.1515   0.0000   0.0000   0.0000   0.0000   2.1515  -2.1515  -2.1515   2.1515   0.0000   0.0000   0.0000 
  2.1515  -2.1515   2.1515  -2.1515   2.1515  -2.1515  -2.1515   2.1515   0.0000   0.0000   0.0000   0.0000   0.0000   0.0000   0.0000 

Atom 24 (Fe): Coordinates (2.151472, 2.151472, 6.454415)
Nearest neighbours: 
      64       92      104      116      128      156      164      184      200      216      224      240        0        0        0 
Distances 
  3.0426   3.0426   3.0426   3.0426   3.0426   3.0426   3.0426   3.0426   3.0426   3.0426   3.0426   3.0426   0.0000   0.0000   0.0000 

Displacements 
  0.0000   0.0000   0.0000   0.0000  -2.1515  -2.1515   2.1515   2.1515   2.1515  -2.1515   2.1515  -2.1515   0.0000   0.0000   0.0000 
 -2.1515  -2.1515   2.1515   2.1515   0.0000   0.0000   0.0000   0.0000   2.1515  -2.1515  -2.1515   2.1515   0.0000   0.0000   0.0000 
  2.1515  -2.1515   2.1515  -2.1515   2.1515  -2.1515  -2.1515   2.1515   0.0000   0.0000   0.0000   0.0000   0.0000   0.0000   0.0000 

Atom 25 (Fe): Coordinates (10.757358, 2.151472, 6.454415)
Nearest neighbours: 
      65       93      105      117      129      157      165      185      201      217      225      241        0        0        0 
Distances 
  3.0426   3.0426   3.0426   3.0426   3.0426   3.0426   3.0426   3.0426   3.0426   3.0426   3.0426   3.0426   0.0000   0.0000   0.0000 

Displacements 
  0.0000   0.0000   0.0000   0.0000  -2.1515  -2.1515   2.1515   2.1515   2.1515  -2.1515   2.1515  -2.1515   0.0000   0.0000   0.0000 
 -2.1515  -2.1515   2.1515   2.1515   0.0000   0.0000   0.0000   0.0000   2.1515  -2.1515  -2.1515   2.1515   0.0000   0.0000   0.0000 
  2.1515  -2.1515   2.1515  -2.1515   2.1515  -2.1515  -2.1515   2.1515   0.0000   0.0000   0.0000   0.0000   0.0000   0.0000   0.0000 

Atom 26 (Fe): Coordinates (2.151472, 10.757358, 6.454415)
Nearest neighbours: 
      66       94      106      118      130      158      166      186      202      218      226      242        0        0        0 
Distances 
  3.0426   3.0426   3.0426   3.0426   3.0426   3.0426   3.0426   3.0426   3.0426   3.0426   3.0426   3.0426   0.0000   0.0000   0.0000 

Displacements 
  0.0000   0.0000   0.0000   0.0000  -2.1515  -2.1515   2.1515   2.1515   2.1515  -2.1515   2.1515  -2.1515   0.0000   0.0000   0.0000 
 -2.1515  -2.1515   2.1515   2.1515   0.0000   0.0000   0.0000   0.0000   2.1515  -2.1515  -2.1515   2.1515   0.0000   0.0000   0.0000 
  2.1515  -2.1515   2.1515  -2.1515   2.1515  -2.1515  -2.1515   2.1515   0.0000   0.0000   0.0000   0.0000   0.0000   0.0000   0.0000 

Atom 27 (Fe): Coordinates (10.757358, 10.757358, 6.454415)
Nearest neighbours: 
      67       95      107      119      131      159      167      187      203      219      227      243        0        0        0 
Distances 
  3.0426   3.0426   3.0426   3.0426   3.0426   3.0426   3.0426   3.0426   3.0426   3.0426   3.0426   3.0426   0.0000   0.0000   0.0000 

Displacements 
  0.0000   0.0000   0.0000   0.0000  -2.1515  -2.1515   2.1515   2.1515   2.1515  -2.1515   2.1515  -2.1515   0.0000   0.0000   0.0000 
 -2.1515  -2.1515   2.1515   2.1515   0.0000   0.0000   0.0000   0.0000   2.1515  -2.1515  -2.1515   2.1515   0.0000   0.0000   0.0000 
  2.1515  -2.1515   2.1515  -2.1515   2.1515  -2.1515  -2.1515   2.1515   0.0000   0.0000   0.0000   0.0000   0.0000   0.0000   0.0000 

Atom 28 (Fe): Coordinates (2.151472, 2.151472, 15.060301)
Nearest neighbours: 
      68       88      108      112      132      152      160      188      204      220      228      244        0        0        0 
Distances 
  3.0426   3.0426   3.0426   3.0426   3.0426   3.0426   3.0426   3.0426   3.0426   3.0426   3.0426   3.0426   0.0000   0.0000   0.0000 

Displacements 
  0.0000   0.0000   0.0000   0.0000  -2.1515  -2.1515   2.1515   2.1515   2.1515  -2.1515   2.1515  -2.1515   0.0000   0.0000   0.0000 
 -2.1515  -2.1515   2.1515   2.1515   0.0000   0.0000   0.0000   0.0000   2.1515  -2.1515  -2.1515   2.1515   0.0000   0.0000   0.0000 
  2.1515  -2.1515   2.1515  -2.1515   2.1515  -2.1515  -2.1515   2.1515   0.0000   0.0000   0.0000   0.0000   0.0000   0.0000   0.0000 

Atom 29 (Fe): Coordinates (10.757358, 2.151472, 15.060301)
Nearest neighbours: 
      69       89      109      113      133      153      161      189      205      221      229      245        0        0        0 
Distances 
  3.0426   3.0426   3.0426   3.0426   3.0426   3.0426   3.0426   3.0426   3.0426   3.0426   3.0426   3.0426   0.0000   0.0000   0.0000 

Displacements 
  0.0000   0.0000   0.0000   0.0000  -2.1515  -2.1515   2.1515   2.1515   2.1515  -2.1515   2.1515  -2.1515   0.0000   0.0000   0.0000 
 -2.1515  -2.1515   2.1515   2.1515   0.0000   0.0000   0.0000   0.0000   2.1515  -2.1515  -2.1515   2.1515   0.0000   0.0000   0.0000 
  2.1515  -2.1515   2.1515  -2.1515   2.1515  -2.1515  -2.1515   2.1515   0.0000   0.0000   0.0000   0.0000   0.0000   0.0000   0.0000 

Atom 30 (Fe): Coordinates (2.151472, 10.757358, 15.060301)
Nearest neighbours: 
      70       90      110      114      134      154      162      190      206      222      230      246        0        0        0 
Distances 
  3.0426   3.0426   3.0426   3.0426   3.0426   3.0426   3.0426   3.0426   3.0426   3.0426   3.0426   3.0426   0.0000   0.0000   0.0000 

Displacements 
  0.0000   0.0000   0.0000   0.0000  -2.1515  -2.1515   2.1515   2.1515   2.1515  -2.1515   2.1515  -2.1515   0.0000   0.0000   0.0000 
 -2.1515  -2.1515   2.1515   2.1515   0.0000   0.0000   0.0000   0.0000   2.1515  -2.1515  -2.1515   2.1515   0.0000   0.0000   0.0000 
  2.1515  -2.1515   2.1515  -2.1515   2.1515  -2.1515  -2.1515   2.1515   0.0000   0.0000   0.0000   0.0000   0.0000   0.0000   0.0000 

Atom 31 (Fe): Coordinates (10.757358, 10.757358, 15.060301)
Nearest neighbours: 
      71       91      111      115      135      155      163      191      207      223      231      247        0        0        0 
Distances 
  3.0426   3.0426   3.0426   3.0426   3.0426   3.0426   3.0426   3.0426   3.0426   3.0426   3.0426   3.0426   0.0000   0.0000   0.0000 

Displacements 
  0.0000   0.0000   0.0000   0.0000  -2.1515  -2.1515   2.1515   2.1515   2.1515  -2.1515   2.1515  -2.1515   0.0000   0.0000   0.0000 
 -2.1515  -2.1515   2.1515   2.1515   0.0000   0.0000   0.0000   0.0000   2.1515  -2.1515  -2.1515   2.1515   0.0000   0.0000   0.0000 
  2.1515  -2.1515   2.1515  -2.1515   2.1515  -2.1515  -2.1515   2.1515   0.0000   0.0000   0.0000   0.0000   0.0000   0.0000   0.0000 

Atom 32 (Fe): Coordinates (6.454415, 2.151472, 6.454415)
Nearest neighbours: 
      76       80      100      120      128      156      165      185      201      216      225      240        0        0        0 
Distances 
  3.0426   3.0426   3.0426   3.0426   3.0426   3.0426   3.0426   3.0426   3.0426   3.0426   3.0426   3.0426   0.0000   0.0000   0.0000 

Displacements 
  0.0000   0.0000   0.0000   0.0000   2.1515   2.1515  -2.1515  -2.1515  -2.1515   2.1515  -2.1515   2.1515   0.0000   0.0000   0.0000 
  2.1515   2.1515  -2.1515  -2.1515   0.0000   0.0000   0.0000   0.0000   2.1515  -2.1515  -2.1515   2.1515   0.0000   0.0000   0.0000 
 -2.1515   2.1515  -2.1515   2.1515   2.1515  -2.1515  -2.1515   2.1515   0.0000   0.0000   0.0000   0.0000   0.0000   0.0000   0.0000 

Atom 33 (Fe): Coordinates (15.060301, 2.151472, 6.454415)
Nearest neighbours: 
      77       81      101      121      129      157      164      184      200      217      224      241        0        0        0 
Distances 
  3.0426   3.0426   3.0426   3.0426   3.0426   3.0426   3.0426   3.0426   3.0426   3.0426   3.0426   3.0426   0.0000   0.0000   0.0000 

Displacements 
  0.0000   0.0000   0.0000   0.0000   2.1515   2.1515  -2.1515  -2.1515  -2.1515   2.1515  -2.1515   2.1515   0.0000   0.0000   0.0000 
  2.1515   2.1515  -2.1515  -2.1515   0.0000   0.0000   0.0000   0.0000   2.1515  -2.1515  -2.1515   2.1515   0.0000   0.0000   0.0000 
 -2.1515   2.1515  -2.1515   2.1515   2.1515  -2.1515  -2.1515   2.1515   0.0000   0.0000   0.0000   0.0000   0.0000   0.0000   0.0000 

Atom 34 (Fe): Coordinates (6.454415, 10.757358, 6.454415)
Nearest neighbours: 
      78       82      102      122      130      158      167      187      203      218      227      242        0        0        0 
Distances 
  3.0426   3.0426   3.0426   3.0426   3.0426   3.0426   3.0426   3.0426   3.0426   3.0426   3.0426   3.0426   0.0000   0.0000   0.0000 

Displacements 
  0.0000   0.0000   0.0000   0.0000   2.1515   2.1515  -2.1515  -2.1515  -2.1515   2.1515  -2.1515   2.1515   0.0000   0.0000   0.0000 
  2.1515   2.1515  -2.1515  -2.1515   0.0000   0.0000   0.0000   0.0000   2.1515  -2.1515  -2.1515   2.1515   0.0000   0.0000   0.0000 
 -2.1515   2.1515  -2.1515   2.1515   2.1515  -2.1515  -2.1515   2.1515   0.0000   0.0000   0.0000   0.0000   0.0000   0.0000   0.0000 

Atom 35 (Fe): Coordinates (15.060301, 10.757358, 6.454415)
Nearest neighbours: 
      79       83      103      123      131      159      166      186      202      219      226      243        0        0        0 
Distances 
  3.0426   3.0426   3.0426   3.0426   3.0426   3.0426   3.0426   3.0426   3.0426   3.0426   3.0426   3.0426   0.0000   0.0000   0.0000 

Displacements 
  0.0000   0.0000   0.0000   0.0000   2.1515   2.1515  -2.1515  -2.1515  -2.1515   2.1515  -2.1515   2.1515   0.0000   0.0000   0.0000 
  2.1515   2.1515  -2.1515  -2.1515   0.0000   0.0000   0.0000   0.0000   2.1515  -2.1515  -2.1515   2.1515   0.0000   0.0000   0.0000 
 -2.1515   2.1515  -2.1515   2.1515   2.1515  -2.1515  -2.1515   2.1515   0.0000   0.0000   0.0000   0.0000   0.0000   0.0000   0.0000 

Atom 36 (Fe): Coordinates (6.454415, 2.151472, 15.060301)
Nearest neighbours: 
      72       84       96      124      132      152      161      189      205      220      229      244        0        0        0 
Distances 
  3.0426   3.0426   3.0426   3.0426   3.0426   3.0426   3.0426   3.0426   3.0426   3.0426   3.0426   3.0426   0.0000   0.0000   0.0000 

Displacements 
  0.0000   0.0000   0.0000   0.0000   2.1515   2.1515  -2.1515  -2.1515  -2.1515   2.1515  -2.1515   2.1515   0.0000   0.0000   0.0000 
  2.1515   2.1515  -2.1515  -2.1515   0.0000   0.0000   0.0000   0.0000   2.1515  -2.1515  -2.1515   2.1515   0.0000   0.0000   0.0000 
 -2.1515   2.1515  -2.1515   2.1515   2.1515  -2.1515  -2.1515   2.1515   0.0000   0.0000   0.0000   0.0000   0.0000   0.0000   0.0000 

Atom 37 (Fe): Coordinates (15.060301, 2.151472, 15.060301)
Nearest neighbours: 
      73       85       97      125      133      153      160      188      204      221      228      245        0        0        0 
Distances 
  3.0426   3.0426   3.0426   3.0426   3.0426   3.0426   3.0426   3.0426   3.0426   3.0426   3.0426   3.0426   0.0000   0.0000   0.0000 

Displacements 
  0.0000   0.0000   0.0000   0.0000   2.1515   2.1515  -2.1515  -2.1515  -2.1515   2.1515  -2.1515   2.1515   0.0000   0.0000   0.0000 
  2.1515   2.1515  -2.1515  -2.1515   0.0000   0.0000   0.0000   0.0000   2.1515  -2.1515  -2.1515   2.1515   0.0000   0.0000   0.0000 
 -2.1515   2.1515  -2.1515   2.1515   2.1515  -2.1515  -2.1515   2.1515   0.0000   0.0000   0.0000   0.0000   0.0000   0.0000   0.0000 

Atom 38 (Fe): Coordinates (6.454415, 10.757358, 15.060301)
Nearest neighbours: 
      74       86       98      126      134      154      163      191      207      222      231      246        0        0        0 
Distances 
  3.0426   3.0426   3.0426   3.0426   3.0426   3.0426   3.0426   3.0426   3.0426   3.0426   3.0426   3.0426   0.0000   0.0000   0.0000 

Displacements 
  0.0000   0.0000   0.0000   0.0000   2.1515   2.1515  -2.1515  -2.1515  -2.1515   2.1515  -2.1515   2.1515   0.0000   0.0000   0.0000 
  2.1515   2.1515  -2.1515  -2.1515   0.0000   0.0000   0.0000   0.0000   2.1515  -2.1515  -2.1515   2.1515   0.0000   0.0000   0.0000 
 -2.1515   2.1515  -2.1515   2.1515   2.1515  -2.1515  -2.1515   2.1515   0.0000   0.0000   0.0000   0.0000   0.0000   0.0000   0.0000 

Atom 39 (Fe): Coordinates (15.060301, 10.757358, 15.060301)
Nearest neighbours: 
      75       87       99      127      135      155      162      190      206      223      230      247        0        0        0 
Distances 
  3.0426   3.0426   3.0426   3.0426   3.0426   3.0426   3.0426   3.0426   3.0426   3.0426   3.0426   3.0426   0.0000   0.0000   0.0000 

Displacements 
  0.0000   0.0000   0.0000   0.0000   2.1515   2.1515  -2.1515  -2.1515  -2.1515   2.1515  -2.1515   2.1515   0.0000   0.0000   0.0000 
  2.1515   2.1515  -2.1515  -2.1515   0.0000   0.0000   0.0000   0.0000   2.1515  -2.1515  -2.1515   2.1515   0.0000   0.0000   0.0000 
 -2.1515   2.1515  -2.1515   2.1515   2.1515  -2.1515  -2.1515   2.1515   0.0000   0.0000   0.0000   0.0000   0.0000   0.0000   0.0000 

Atom 40 (Fe): Coordinates (2.151472, 6.454415, 2.151472)
Nearest neighbours: 
      64       88      106      114      136      144      168      176      192      210      234      248        0        0        0 
Distances 
  3.0426   3.0426   3.0426   3.0426   3.0426   3.0426   3.0426   3.0426   3.0426   3.0426   3.0426   3.0426   0.0000   0.0000   0.0000 

Displacements 
  0.0000   0.0000   0.0000   0.0000   2.1515   2.1515  -2.1515  -2.1515  -2.1515   2.1515  -2.1515   2.1515   0.0000   0.0000   0.0000 
  2.1515   2.1515  -2.1515  -2.1515   0.0000   0.0000   0.0000   0.0000   2.1515  -2.1515  -2.1515   2.1515   0.0000   0.0000   0.0000 
 -2.1515   2.1515  -2.1515   2.1515   2.1515  -2.1515  -2.1515   2.1515   0.0000   0.0000   0.0000   0.0000   0.0000   0.0000   0.0000 

Atom 41 (Fe): Coordinates (10.757358, 6.454415, 2.151472)
Nearest neighbours: 
      65       89      107      115      137      145      169      177      193      211      235      249        0        0        0 
Distances 
  3.0426   3.0426   3.0426   3.0426   3.0426   3.0426   3.0426   3.0426   3.0426   3.0426   3.0426   3.0426   0.0000   0.0000   0.0000 

Displacements 
  0.0000   0.0000   0.0000   0.0000   2.1515   2.1515  -2.1515  -2.1515  -2.1515   2.1515  -2.1515   2.1515   0.0000   0.0000   0.0000 
  2.1515   2.1515  -2.1515  -2.1515   0.0000   0.0000   0.0000   0.0000   2.1515  -2.1515  -2.1515   2.1515   0.0000   0.0000   0.0000 
 -2.1515   2.1515  -2.1515   2.1515   2.1515  -2.1515  -2.1515   2.1515   0.0000   0.0000   0.0000   0.0000   0.0000   0.0000   0.0000 

Atom 42 (Fe): Coordinates (2.151472, 15.060301, 2.151472)
Nearest neighbours: 
      66       90      104      112      138      146      170      178      194      208      232      250        0        0        0 
Distances 
  3.0426   3.0426   3.0426   3.0426   3.0426   3.0426   3.0426   3.0426   3.0426   3.0426   3.0426   3.0426   0.0000   0.0000   0.0000 

Displacements 
  0.0000   0.0000   0.0000   0.0000   2.1515   2.1515  -2.1515  -2.1515  -2.1515   2.1515  -2.1515   2.1515   0.0000   0.0000   0.0000 
  2.1515   2.1515  -2.1515  -2.1515   0.0000   0.0000   0.0000   0.0000   2.1515  -2.1515  -2.1515   2.1515   0.0000   0.0000   0.0000 
 -2.1515   2.1515  -2.1515   2.1515   2.1515  -2.1515  -2.1515   2.1515   0.0000   0.0000   0.0000   0.0000   0.0000   0.0000   0.0000 

Atom 43 (Fe): Coordinates (10.757358, 15.060301, 2.151472)
Nearest neighbours: 
      67       91      105      113      139      147      171      179      195      209      233      251        0        0        0 
Distances 
  3.0426   3.0426   3.0426   3.0426   3.0426   3.0426   3.0426   3.0426   3.0426   3.0426   3.0426   3.0426   0.0000   0.0000   0.0000 

Displacements 
  0.0000   0.0000   0.0000   0.0000   2.1515   2.1515  -2.1515  -2.1515  -2.1515   2.1515  -2.1515   2.1515   0.0000   0.0000   0.0000 
  2.1515   2.1515  -2.1515  -2.1515   0.0000   0.0000   0.0000   0.0000   2.1515  -2.1515  -2.1515   2.1515   0.0000   0.0000   0.0000 
 -2.1515   2.1515  -2.1515   2.1515   2.1515  -2.1515  -2.1515   2.1515   0.0000   0.0000   0.0000   0.0000   0.0000   0.0000   0.0000 

Atom 44 (Fe): Coordinates (2.151472, 6.454415, 10.757358)
Nearest neighbours: 
      68       92      110      118      140      148      172      180      196      214      238      252        0        0        0 
Distances 
  3.0426   3.0426   3.0426   3.0426   3.0426   3.0426   3.0426   3.0426   3.0426   3.0426   3.0426   3.0426   0.0000   0.0000   0.0000 

Displacements 
  0.0000   0.0000   0.0000   0.0000   2.1515   2.1515  -2.1515  -2.1515  -2.1515   2.1515  -2.1515   2.1515   0.0000   0.0000   0.0000 
  2.1515   2.1515  -2.1515  -2.1515   0.0000   0.0000   0.0000   0.0000   2.1515  -2.1515  -2.1515   2.1515   0.0000   0.0000   0.0000 
 -2.1515   2.1515  -2.1515   2.1515   2.1515  -2.1515  -2.1515   2.1515   0.0000   0.0000   0.0000   0.0000   0.0000   0.0000   0.0000 

Atom 45 (Fe): Coordinates (10.757358, 6.454415, 10.757358)
Nearest neighbours: 
      69       93      111      119      141      149      173      181      197      215      239      253        0        0        0 
Distances 
  3.0426   3.0426   3.0426   3.0426   3.0426   3.0426   3.0426   3.0426   3.0426   3.0426   3.0426   3.0426   0.0000   0.0000   0.0000 

Displacements 
  0.0000   0.0000   0.0000   0.0000   2.1515   2.1515  -2.1515  -2.1515  -2.1515   2.1515  -2.1515   2.1515   0.0000   0.0000   0.0000 
  2.1515   2.1515  -2.1515  -2.1515   0.0000   0.0000   0.0000   0.0000   2.1515  -2.1515  -2.1515   2.1515   0.0000   0.0000   0.0000 
 -2.1515   2.1515  -2.1515   2.1515   2.1515  -2.1515  -2.1515   2.1515   0.0000   0.0000   0.0000   0.0000   0.0000   0.0000   0.0000 

Atom 46 (Fe): Coordinates (2.151472, 15.060301, 10.757358)
Nearest neighbours: 
      70       94      108      116      142      150      174      182      198      212      236      254        0        0        0 
Distances 
  3.0426   3.0426   3.0426   3.0426   3.0426   3.0426   3.0426   3.0426   3.0426   3.0426   3.0426   3.0426   0.0000   0.0000   0.0000 

Displacements 
  0.0000   0.0000   0.0000   0.0000   2.1515   2.1515  -2.1515  -2.1515  -2.1515   2.1515  -2.1515   2.1515   0.0000   0.0000   0.0000 
  2.1515   2.1515  -2.1515  -2.1515   0.0000   0.0000   0.0000   0.0000   2.1515  -2.1515  -2.1515   2.1515   0.0000   0.0000   0.0000 
 -2.1515   2.1515  -2.1515   2.1515   2.1515  -2.1515  -2.1515   2.1515   0.0000   0.0000   0.0000   0.0000   0.0000   0.0000   0.0000 

Atom 47 (Fe): Coordinates (10.757358, 15.060301, 10.757358)
Nearest neighbours: 
      71       95      109      117      143      151      175      183      199      213      237      255        0        0        0 
Distances 
  3.0426   3.0426   3.0426   3.0426   3.0426   3.0426   3.0426   3.0426   3.0426   3.0426   3.0426   3.0426   0.0000   0.0000   0.0000 

Displacements 
  0.0000   0.0000   0.0000   0.0000   2.1515   2.1515  -2.1515  -2.1515  -2.1515   2.1515  -2.1515   2.1515   0.0000   0.0000   0.0000 
  2.1515   2.1515  -2.1515  -2.1515   0.0000   0.0000   0.0000   0.0000   2.1515  -2.1515  -2.1515   2.1515   0.0000   0.0000   0.0000 
 -2.1515   2.1515  -2.1515   2.1515   2.1515  -2.1515  -2.1515   2.1515   0.0000   0.0000   0.0000   0.0000   0.0000   0.0000   0.0000 

Atom 48 (Fe): Coordinates (2.151472, 6.454415, 6.454415)
Nearest neighbours: 
      64       92      106      118      140      144      168      180      202      216      224      242        0        0        0 
Distances 
  3.0426   3.0426   3.0426   3.0426   3.0426   3.0426   3.0426   3.0426   3.0426   3.0426   3.0426   3.0426   0.0000   0.0000   0.0000 

Displacements 
  0.0000   0.0000   0.0000   0.0000   2.1515   2.1515  -2.1515  -2.1515   2.1515  -2.1515   2.1515  -2.1515   0.0000   0.0000   0.0000 
  2.1515   2.1515  -2.1515  -2.1515   0.0000   0.0000   0.0000   0.0000  -2.1515   2.1515   2.1515  -2.1515   0.0000   0.0000   0.0000 
  2.1515  -2.1515   2.1515  -2.1515  -2.1515   2.1515   2.1515  -2.1515   0.0000   0.0000   0.0000   0.0000   0.0000   0.0000   0.0000 

Atom 49 (Fe): Coordinates (10.757358, 6.454415, 6.454415)
Nearest neighbours: 
      65       93      107      119      141      145      169      181      203      217      225      243        0        0        0 
Distances 
  3.0426   3.0426   3.0426   3.0426   3.0426   3.0426   3.0426   3.0426   3.0426   3.0426   3.0426   3.0426   0.0000   0.0000   0.0000 

Displacements 
  0.0000   0.0000   0.0000   0.0000   2.1515   2.1515  -2.1515  -2.1515   2.1515  -2.1515   2.1515  -2.1515   0.0000   0.0000   0.0000 
  2.1515   2.1515  -2.1515  -2.1515   0.0000   0.0000   0.0000   0.0000  -2.1515   2.1515   2.1515  -2.1515   0.0000   0.0000   0.0000 
  2.1515  -2.1515   2.1515  -2.1515  -2.1515   2.1515   2.1515  -2.1515   0.0000   0.0000   0.0000   0.0000   0.0000   0.0000   0.0000 

Atom 50 (Fe): Coordinates (2.151472, 15.060301, 6.454415)
Nearest neighbours: 
      66       94      104      116      142      146      170      182      200      218      226      240        0        0        0 
Distances 
  3.0426   3.0426   3.0426   3.0426   3.0426   3.0426   3.0426   3.0426   3.0426   3.0426   3.0426   3.0426   0.0000   0.0000   0.0000 

Displacements 
  0.0000   0.0000   0.0000   0.0000   2.1515   2.1515  -2.1515  -2.1515   2.1515  -2.1515   2.1515  -2.1515   0.0000   0.0000   0.0000 
  2.1515   2.1515  -2.1515  -2.1515   0.0000   0.0000   0.0000   0.0000  -2.1515   2.1515   2.1515  -2.1515   0.0000   0.0000   0.0000 
  2.1515  -2.1515   2.1515  -2.1515  -2.1515   2.1515   2.1515  -2.1515   0.0000   0.0000   0.0000   0.0000   0.0000   0.0000   0.0000 

Atom 51 (Fe): Coordinates (10.757358, 15.060301, 6.454415)
Nearest neighbours: 
      67       95      105      117      143      147      171      183      201      219      227      241        0        0        0 
Distances 
  3.0426   3.0426   3.0426   3.0426   3.0426   3.0426   3.0426   3.0426   3.0426   3.0426   3.0426   3.0426   0.0000   0.0000   0.0000 

Displacements 
  0.0000   0.0000   0.0000   0.0000   2.1515   2.1515  -2.1515  -2.1515   2.1515  -2.1515   2.1515  -2.1515   0.0000   0.0000   0.0000 
  2.1515   2.1515  -2.1515  -2.1515   0.0000   0.0000   0.0000   0.0000  -2.1515   2.1515   2.1515  -2.1515   0.0000   0.0000   0.0000 
  2.1515  -2.1515   2.1515  -2.1515  -2.1515   2.1515   2.1515  -2.1515   0.0000   0.0000   0.0000   0.0000   0.0000   0.0000   0.0000 

Atom 52 (Fe): Coordinates (2.151472, 6.454415, 15.060301)
Nearest neighbours: 
      68       88      110      114      136      148      172      176      206      220      228      246        0        0        0 
Distances 
  3.0426   3.0426   3.0426   3.0426   3.0426   3.0426   3.0426   3.0426   3.0426   3.0426   3.0426   3.0426   0.0000   0.0000   0.0000 

Displacements 
  0.0000   0.0000   0.0000   0.0000   2.1515   2.1515  -2.1515  -2.1515   2.1515  -2.1515   2.1515  -2.1515   0.0000   0.0000   0.0000 
  2.1515   2.1515  -2.1515  -2.1515   0.0000   0.0000   0.0000   0.0000  -2.1515   2.1515   2.1515  -2.1515   0.0000   0.0000   0.0000 
  2.1515  -2.1515   2.1515  -2.1515  -2.1515   2.1515   2.1515  -2.1515   0.0000   0.0000   0.0000   0.0000   0.0000   0.0000   0.0000 

Atom 53 (Fe): Coordinates (10.757358, 6.454415, 15.060301)
Nearest neighbours: 
      69       89      111      115      137      149      173      177      207      221      229      247        0        0        0 
Distances 
  3.0426   3.0426   3.0426   3.0426   3.0426   3.0426   3.0426   3.0426   3.0426   3.0426   3.0426   3.0426   0.0000   0.0000   0.0000 

Displacements 
  0.0000   0.0000   0.0000   0.0000   2.1515   2.1515  -2.1515  -2.1515   2.1515  -2.1515   2.1515  -2.1515   0.0000   0.0000   0.0000 
  2.1515   2.1515  -2.1515  -2.1515   0.0000   0.0000   0.0000   0.0000  -2.1515   2.1515   2.1515  -2.1515   0.0000   0.0000   0.0000 
  2.1515  -2.1515   2.1515  -2.1515  -2.1515   2.1515   2.1515  -2.1515   0.0000   0.0000   0.0000   0.0000   0.0000   0.0000   0.0000 

Atom 54 (Fe): Coordinates (2.151472, 15.060301, 15.060301)
Nearest neighbours: 
      70       90      108      112      138      150      174      178      204      222      230      244        0        0        0 
Distances 
  3.0426   3.0426   3.0426   3.0426   3.0426   3.0426   3.0426   3.0426   3.0426   3.0426   3.0426   3.0426   0.0000   0.0000   0.0000 

Displacements 
  0.0000   0.0000   0.0000   0.0000   2.1515   2.1515  -2.1515  -2.1515   2.1515  -2.1515   2.1515  -2.1515   0.0000   0.0000   0.0000 
  2.1515   2.1515  -2.1515  -2.1515   0.0000   0.0000   0.0000   0.0000  -2.1515   2.1515   2.1515  -2.1515   0.0000   0.0000   0.0000 
  2.1515  -2.1515   2.1515  -2.1515  -2.1515   2.1515   2.1515  -2.1515   0.0000   0.0000   0.0000   0.0000   0.0000   0.0000   0.0000 

Atom 55 (Fe): Coordinates (10.757358, 15.060301, 15.060301)
Nearest neighbours: 
      71       91      109      113      139      151      175      179      205      223      231      245        0        0        0 
Distances 
  3.0426   3.0426   3.0426   3.0426   3.0426   3.0426   3.0426   3.0426   3.0426   3.0426   3.0426   3.0426   0.0000   0.0000   0.0000 

Displacements 
  0.0000   0.0000   0.0000   0.0000   2.1515   2.1515  -2.1515  -2.1515   2.1515  -2.1515   2.1515  -2.1515   0.0000   0.0000   0.0000 
  2.1515   2.1515  -2.1515  -2.1515   0.0000   0.0000   0.0000   0.0000  -2.1515   2.1515   2.1515  -2.1515   0.0000   0.0000   0.0000 
  2.1515  -2.1515   2.1515  -2.1515  -2.1515   2.1515   2.1515  -2.1515   0.0000   0.0000   0.0000   0.0000   0.0000   0.0000   0.0000 

Atom 56 (Fe): Coordinates (6.454415, 2.151472, 2.151472)
Nearest neighbours: 
      72       80       96      120      128      152      161      185      192      209      232      249        0        0        0 
Distances 
  3.0426   3.0426   3.0426   3.0426   3.0426   3.0426   3.0426   3.0426   3.0426   3.0426   3.0426   3.0426   0.0000   0.0000   0.0000 

Displacements 
  0.0000   0.0000   0.0000   0.0000   2.1515   2.1515  -2.1515  -2.1515   2.1515  -2.1515   2.1515  -2.1515   0.0000   0.0000   0.0000 
  2.1515   2.1515  -2.1515  -2.1515   0.0000   0.0000   0.0000   0.0000  -2.1515   2.1515   2.1515  -2.1515   0.0000   0.0000   0.0000 
  2.1515  -2.1515   2.1515  -2.1515  -2.1515   2.1515   2.1515  -2.1515   0.0000   0.0000   0.0000   0.0000   0.0000   0.0000   0.0000 

Atom 57 (Fe): Coordinates (15.060301, 2.151472, 2.151472)
Nearest neighbours: 
      73       81       97      121      129      153      160      184      193      208      233      248        0        0        0 
Distances 
  3.0426   3.0426   3.0426   3.0426   3.0426   3.0426   3.0426   3.0426   3.0426   3.0426   3.0426   3.0426   0.0000   0.0000   0.0000 

Displacements 
  0.0000   0.0000   0.0000   0.0000   2.1515   2.1515  -2.1515  -2.1515   2.1515  -2.1515   2.1515  -2.1515   0.0000   0.0000   0.0000 
  2.1515   2.1515  -2.1515  -2.1515   0.0000   0.0000   0.0000   0.0000  -2.1515   2.1515   2.1515  -2.1515   0.0000   0.0000   0.0000 
  2.1515  -2.1515   2.1515  -2.1515  -2.1515   2.1515   2.1515  -2.1515   0.0000   0.0000   0.0000   0.0000   0.0000   0.0000   0.0000 

Atom 58 (Fe): Coordinates (6.454415, 10.757358, 2.151472)
Nearest neighbours: 
      74       82       98      122      130      154      163      187      194      211      234      251        0        0        0 
Distances 
  3.0426   3.0426   3.0426   3.0426   3.0426   3.0426   3.0426   3.0426   3.0426   3.0426   3.0426   3.0426   0.0000   0.0000   0.0000 

Displacements 
  0.0000   0.0000   0.0000   0.0000   2.1515   2.1515  -2.1515  -2.1515   2.1515  -2.1515   2.1515  -2.1515   0.0000   0.0000   0.0000 
  2.1515   2.1515  -2.1515  -2.1515   0.0000   0.0000   0.0000   0.0000  -2.1515   2.1515   2.1515  -2.1515   0.0000   0.0000   0.0000 
  2.1515  -2.1515   2.1515  -2.1515  -2.1515   2.1515   2.1515  -2.1515   0.0000   0.0000   0.0000   0.0000   0.0000   0.0000   0.0000 

Atom 59 (Fe): Coordinates (15.060301, 10.757358, 2.151472)
Nearest neighbours: 
      75       83       99      123      131      155      162      186      195      210      235      250        0        0        0 
Distances 
  3.0426   3.0426   3.0426   3.0426   3.0426   3.0426   3.0426   3.0426   3.0426   3.0426   3.0426   3.0426   0.0000   0.0000   0.0000 

Displacements 
  0.0000   0.0000   0.0000   0.0000   2.1515   2.1515  -2.1515  -2.1515   2.1515  -2.1515   2.1515  -2.1515   0.0000   0.0000   0.0000 
  2.1515   2.1515  -2.1515  -2.1515   0.0000   0.0000   0.0000   0.0000  -2.1515   2.1515   2.1515  -2.1515   0.0000   0.0000   0.0000 
  2.1515  -2.1515   2.1515  -2.1515  -2.1515   2.1515   2.1515  -2.1515   0.0000   0.0000   0.0000   0.0000   0.0000   0.0000   0.0000 

Atom 60 (Fe): Coordinates (6.454415, 2.151472, 10.757358)
Nearest neighbours: 
      76       84      100      124      132      156      165      189      196      213      236      253        0        0        0 
Distances 
  3.0426   3.0426   3.0426   3.0426   3.0426   3.0426   3.0426   3.0426   3.0426   3.0426   3.0426   3.0426   0.0000   0.0000   0.0000 

Displacements 
  0.0000   0.0000   0.0000   0.0000   2.1515   2.1515  -2.1515  -2.1515   2.1515  -2.1515   2.1515  -2.1515   0.0000   0.0000   0.0000 
  2.1515   2.1515  -2.1515  -2.1515   0.0000   0.0000   0.0000   0.0000  -2.1515   2.1515   2.1515  -2.1515   0.0000   0.0000   0.0000 
  2.1515  -2.1515   2.1515  -2.1515  -2.1515   2.1515   2.1515  -2.1515   0.0000   0.0000   0.0000   0.0000   0.0000   0.0000   0.0000 

Atom 61 (Fe): Coordinates (15.060301, 2.151472, 10.757358)
Nearest neighbours: 
      77       85      101      125      133      157      164      188      197      212      237      252        0        0        0 
Distances 
  3.0426   3.0426   3.0426   3.0426   3.0426   3.0426   3.0426   3.0426   3.0426   3.0426   3.0426   3.0426   0.0000   0.0000   0.0000 

Displacements 
  0.0000   0.0000   0.0000   0.0000   2.1515   2.1515  -2.1515  -2.1515   2.1515  -2.1515   2.1515  -2.1515   0.0000   0.0000   0.0000 
  2.1515   2.1515  -2.1515  -2.1515   0.0000   0.0000   0.0000   0.0000  -2.1515   2.1515   2.1515  -2.1515   0.0000   0.0000   0.0000 
  2.1515  -2.1515   2.1515  -2.1515  -2.1515   2.1515   2.1515  -2.1515   0.0000   0.0000   0.0000   0.0000   0.0000   0.0000   0.0000 

Atom 62 (Fe): Coordinates (6.454415, 10.757358, 10.757358)
Nearest neighbours: 
      78       86      102      126      134      158      167      191      198      215      238      255        0        0        0 
Distances 
  3.0426   3.0426   3.0426   3.0426   3.0426   3.0426   3.0426   3.0426   3.0426   3.0426   3.0426   3.0426   0.0000   0.0000   0.0000 

Displacements 
  0.0000   0.0000   0.0000   0.0000   2.1515   2.1515  -2.1515  -2.1515   2.1515  -2.1515   2.1515  -2.1515   0.0000   0.0000   0.0000 
  2.1515   2.1515  -2.1515  -2.1515   0.0000   0.0000   0.0000   0.0000  -2.1515   2.1515   2.1515  -2.1515   0.0000   0.0000   0.0000 
  2.1515  -2.1515   2.1515  -2.1515  -2.1515   2.1515   2.1515  -2.1515   0.0000   0.0000   0.0000   0.0000   0.0000   0.0000   0.0000 

Atom 63 (Fe): Coordinates (15.060301, 10.757358, 10.757358)
Nearest neighbours: 
      79       87      103      127      135      159      166      190      199      214      239      254        0        0        0 
Distances 
  3.0426   3.0426   3.0426   3.0426   3.0426   3.0426   3.0426   3.0426   3.0426   3.0426   3.0426   3.0426   0.0000   0.0000   0.0000 

Displacements 
  0.0000   0.0000   0.0000   0.0000   2.1515   2.1515  -2.1515  -2.1515   2.1515  -2.1515   2.1515  -2.1515   0.0000   0.0000   0.0000 
  2.1515   2.1515  -2.1515  -2.1515   0.0000   0.0000   0.0000   0.0000  -2.1515   2.1515   2.1515  -2.1515   0.0000   0.0000   0.0000 
  2.1515  -2.1515   2.1515  -2.1515  -2.1515   2.1515   2.1515  -2.1515   0.0000   0.0000   0.0000   0.0000   0.0000   0.0000   0.0000 

Atom 64 (Fe): Coordinates (2.151472, 4.302943, 4.302943)
Nearest neighbours: 
       0       24       40       48      128      144      168      184      192      216      224      248        0        0        0 
Distances 
  3.0426   3.0426   3.0426   3.0426   3.0426   3.0426   3.0426   3.0426   3.0426   3.0426   3.0426   3.0426   0.0000   0.0000   0.0000 

Displacements 
  0.0000   0.0000   0.0000   0.0000  -2.1515   2.1515  -2.1515   2.1515  -2.1515  -2.1515   2.1515   2.1515   0.0000   0.0000   0.0000 
  2.1515   2.1515  -2.1515  -2.1515   2.1515  -2.1515  -2.1515   2.1515   0.0000   0.0000   0.0000   0.0000   0.0000   0.0000   0.0000 
  2.1515  -2.1515   2.1515  -2.1515   0.0000   0.0000   0.0000   0.0000   2.1515  -2.1515  -2.1515   2.1515   0.0000   0.0000   0.0000 

Atom 65 (Fe): Coordinates (10.757358, 4.302943, 4.302943)
Nearest neighbours: 
       1       25       41       49      129      145      169      185      193      217      225      249        0        0        0 
Distances 
  3.0426   3.0426   3.0426   3.0426   3.0426   3.0426   3.0426   3.0426   3.0426   3.0426   3.0426   3.0426   0.0000   0.0000   0.0000 

Displacements 
  0.0000   0.0000   0.0000   0.0000  -2.1515   2.1515  -2.1515   2.1515  -2.1515  -2.1515   2.1515   2.1515   0.0000   0.0000   0.0000 
  2.1515   2.1515  -2.1515  -2.1515   2.1515  -2.1515  -2.1515   2.1515   0.0000   0.0000   0.0000   0.0000   0.0000   0.0000   0.0000 
  2.1515  -2.1515   2.1515  -2.1515   0.0000   0.0000   0.0000   0.0000   2.1515  -2.1515  -2.1515   2.1515   0.0000   0.0000   0.0000 

Atom 66 (Fe): Coordinates (2.151472, 12.908830, 4.302943)
Nearest neighbours: 
       2       26       42       50      130      146      170      186      194      218      226      250        0        0        0 
Distances 
  3.0426   3.0426   3.0426   3.0426   3.0426   3.0426   3.0426   3.0426   3.0426   3.0426   3.0426   3.0426   0.0000   0.0000   0.0000 

Displacements 
  0.0000   0.0000   0.0000   0.0000  -2.1515   2.1515  -2.1515   2.1515  -2.1515  -2.1515   2.1515   2.1515   0.0000   0.0000   0.0000 
  2.1515   2.1515  -2.1515  -2.1515   2.1515  -2.1515  -2.1515   2.1515   0.0000   0.0000   0.0000   0.0000   0.0000   0.0000   0.0000 
  2.1515  -2.1515   2.1515  -2.1515   0.0000   0.0000   0.0000   0.0000   2.1515  -2.1515  -2.1515   2.1515   0.0000   0.0000   0.0000 

Atom 67 (Fe): Coordinates (10.757358, 12.908830, 4.302943)
Nearest neighbours: 
       3       27       43       51      131      147      171      187      195      219      227      251        0        0        0 
Distances 
  3.0426   3.0426   3.0426   3.0426   3.0426   3.0426   3.0426   3.0426   3.0426   3.0426   3.0426   3.0426   0.0000   0.0000   0.0000 

Displacements 
  0.0000   0.0000   0.0000   0.0000  -2.1515   2.1515  -2.1515   2.1515  -2.1515  -2.1515   2.1515   2.1515   0.0000   0.0000   0.0000 
  2.1515   2.1515  -2.1515  -2.1515   2.1515  -2.1515  -2.1515   2.1515   0.0000   0.0000   0.0000   0.0000   0.0000   0.0000   0.0000 
  2.1515  -2.1515   2.1515  -2.1515   0.0000   0.0000   0.0000   0.0000   2.1515  -2.1515  -2.1515   2.1515   0.0000   0.0000   0.0000 

Atom 68 (Fe): Coordinates (2.151472, 4.302943, 12.908830)
Nearest neighbours: 
       4       28       44       52      132      148      172      188      196      220      228      252        0        0        0 
Distances 
  3.0426   3.0426   3.0426   3.0426   3.0426   3.0426   3.0426   3.0426   3.0426   3.0426   3.0426   3.0426   0.0000   0.0000   0.0000 

Displacements 
  0.0000   0.0000   0.0000   0.0000  -2.1515   2.1515  -2.1515   2.1515  -2.1515  -2.1515   2.1515   2.1515   0.0000   0.0000   0.0000 
  2.1515   2.1515  -2.1515  -2.1515   2.1515  -2.1515  -2.1515   2.1515   0.0000   0.0000   0.0000   0.0000   0.0000   0.0000   0.0000 
  2.1515  -2.1515   2.1515  -2.1515   0.0000   0.0000   0.0000   0.0000   2.1515  -2.1515  -2.1515   2.1515   0.0000   0.0000   0.0000 

Atom 69 (Fe): Coordinates (10.757358, 4.302943, 12.908830)
Nearest neighbours: 
       5       29       45       53      133      149      173      189      197      221      229      253        0        0        0 
Distances 
  3.0426   3.0426   3.0426   3.0426   3.0426   3.0426   3.0426   3.0426   3.0426   3.0426   3.0426   3.0426   0.0000   0.0000   0.0000 

Displacements 
  0.0000   0.0000   0.0000   0.0000  -2.1515   2.1515  -2.1515   2.1515  -2.1515  -2.1515   2.1515   2.1515   0.0000   0.0000   0.0000 
  2.1515   2.1515  -2.1515  -2.1515   2.1515  -2.1515  -2.1515   2.1515   0.0000   0.0000   0.0000   0.0000   0.0000   0.0000   0.0000 
  2.1515  -2.1515   2.1515  -2.1515   0.0000   0.0000   0.0000   0.0000   2.1515  -2.1515  -2.1515   2.1515   0.0000   0.0000   0.0000 

Atom 70 (Fe): Coordinates (2.151472, 12.908830, 12.908830)
Nearest neighbours: 
       6       30       46       54      134      150      174      190      198      222      230      254        0        0        0 
Distances 
  3.0426   3.0426   3.0426   3.0426   3.0426   3.0426   3.0426   3.0426   3.0426   3.0426   3.0426   3.0426   0.0000   0.0000   0.0000 

Displacements 
  0.0000   0.0000   0.0000   0.0000  -2.1515   2.1515  -2.1515   2.1515  -2.1515  -2.1515   2.1515   2.1515   0.0000   0.0000   0.0000 
  2.1515   2.1515  -2.1515  -2.1515   2.1515  -2.1515  -2.1515   2.1515   0.0000   0.0000   0.0000   0.0000   0.0000   0.0000   0.0000 
  2.1515  -2.1515   2.1515  -2.1515   0.0000   0.0000   0.0000   0.0000   2.1515  -2.1515  -2.1515   2.1515   0.0000   0.0000   0.0000 

Atom 71 (Fe): Coordinates (10.757358, 12.908830, 12.908830)
Nearest neighbours: 
       7       31       47       55      135      151      175      191      199      223      231      255        0        0        0 
Distances 
  3.0426   3.0426   3.0426   3.0426   3.0426   3.0426   3.0426   3.0426   3.0426   3.0426   3.0426   3.0426   0.0000   0.0000   0.0000 

Displacements 
  0.0000   0.0000   0.0000   0.0000  -2.1515   2.1515  -2.1515   2.1515  -2.1515  -2.1515   2.1515   2.1515   0.0000   0.0000   0.0000 
  2.1515   2.1515  -2.1515  -2.1515   2.1515  -2.1515  -2.1515   2.1515   0.0000   0.0000   0.0000   0.0000   0.0000   0.0000   0.0000 
  2.1515  -2.1515   2.1515  -2.1515   0.0000   0.0000   0.0000   0.0000   2.1515  -2.1515  -2.1515   2.1515   0.0000   0.0000   0.0000 

Atom 72 (Fe): Coordinates (6.454415, 0.000000, 0.000000)
Nearest neighbours: 
      14       18       36       56      139      152      161      178      205      209      232      244        0        0        0 
Distances 
  3.0426   3.0426   3.0426   3.0426   3.0426   3.0426   3.0426   3.0426   3.0426   3.0426   3.0426   3.0426   0.0000   0.0000   0.0000 

Displacements 
  0.0000   0.0000   0.0000   0.0000  -2.1515   2.1515  -2.1515   2.1515  -2.1515  -2.1515   2.1515   2.1515   0.0000   0.0000   0.0000 
  2.1515   2.1515  -2.1515  -2.1515   2.1515  -2.1515  -2.1515   2.1515   0.0000   0.0000   0.0000   0.0000   0.0000   0.0000   0.0000 
  2.1515  -2.1515   2.1515  -2.1515   0.0000   0.0000   0.0000   0.0000   2.1515  -2.1515  -2.1515   2.1515   0.0000   0.0000   0.0000 

Atom 73 (Fe): Coordinates (15.060301, 0.000000, 0.000000)
Nearest neighbours: 
      15       19       37       57      138      153      160      179      204      208      233      245        0        0        0 
Distances 
  3.0426   3.0426   3.0426   3.0426   3.0426   3.0426   3.0426   3.0426   3.0426   3.0426   3.0426   3.0426   0.0000   0.0000   0.0000 

Displacements 
  0.0000   0.0000   0.0000   0.0000  -2.1515   2.1515  -2.1515   2.1515  -2.1515  -2.1515   2.1515   2.1515   0.0000   0.0000   0.0000 
  2.1515   2.1515  -2.1515  -2.1515   2.1515  -2.1515  -2.1515   2.1515   0.0000   0.0000   0.0000   0.0000   0.0000   0.0000   0.0000 
  2.1515  -2.1515   2.1515  -2.1515   0.0000   0.0000   0.0000   0.0000   2.1515  -2.1515  -2.1515   2.1515   0.0000   0.0000   0.0000 

Atom 74 (Fe): Coordinates (6.454415, 8.605886, 0.000000)
Nearest neighbours: 
      12       16       38       58      137      154      163      176      207      211      234      246        0        0        0 
Distances 
  3.0426   3.0426   3.0426   3.0426   3.0426   3.0426   3.0426   3.0426   3.0426   3.0426   3.0426   3.0426   0.0000   0.0000   0.0000 

Displacements 
  0.0000   0.0000   0.0000   0.0000  -2.1515   2.1515  -2.1515   2.1515  -2.1515  -2.1515   2.1515   2.1515   0.0000   0.0000   0.0000 
  2.1515   2.1515  -2.1515  -2.1515   2.1515  -2.1515  -2.1515   2.1515   0.0000   0.0000   0.0000   0.0000   0.0000   0.0000   0.0000 
  2.1515  -2.1515   2.1515  -2.1515   0.0000   0.0000   0.0000   0.0000   2.1515  -2.1515  -2.1515   2.1515   0.0000   0.0000   0.0000 

Atom 75 (Fe): Coordinates (15.060301, 8.605886, 0.000000)
Nearest neighbours: 
      13       17       39       59      136      155      162      177      206      210      235      247        0        0        0 
Distances 
  3.0426   3.0426   3.0426   3.0426   3.0426   3.0426   3.0426   3.0426   3.0426   3.0426   3.0426   3.0426   0.0000   0.0000   0.0000 

Displacements 
  0.0000   0.0000   0.0000   0.0000  -2.1515   2.1515  -2.1515   2.1515  -2.1515  -2.1515   2.1515   2.1515   0.0000   0.0000   0.0000 
  2.1515   2.1515  -2.1515  -2.1515   2.1515  -2.1515  -2.1515   2.1515   0.0000   0.0000   0.0000   0.0000   0.0000   0.0000   0.0000 
  2.1515  -2.1515   2.1515  -2.1515   0.0000   0.0000   0.0000   0.0000   2.1515  -2.1515  -2.1515   2.1515   0.0000   0.0000   0.0000 

Atom 76 (Fe): Coordinates (6.454415, 0.000000, 8.605886)
Nearest neighbours: 
      10       22       32       60      143      156      165      182      201      213      236      240        0        0        0 
Distances 
  3.0426   3.0426   3.0426   3.0426   3.0426   3.0426   3.0426   3.0426   3.0426   3.0426   3.0426   3.0426   0.0000   0.0000   0.0000 

Displacements 
  0.0000   0.0000   0.0000   0.0000  -2.1515   2.1515  -2.1515   2.1515  -2.1515  -2.1515   2.1515   2.1515   0.0000   0.0000   0.0000 
  2.1515   2.1515  -2.1515  -2.1515   2.1515  -2.1515  -2.1515   2.1515   0.0000   0.0000   0.0000   0.0000   0.0000   0.0000   0.0000 
  2.1515  -2.1515   2.1515  -2.1515   0.0000   0.0000   0.0000   0.0000   2.1515  -2.1515  -2.1515   2.1515   0.0000   0.0000   0.0000 

Atom 77 (Fe): Coordinates (15.060301, 0.000000, 8.605886)
Nearest neighbours: 
      11       23       33       61      142      157      164      183      200      212      237      241        0        0        0 
Distances 
  3.0426   3.0426   3.0426   3.0426   3.0426   3.0426   3.0426   3.0426   3.0426   3.0426   3.0426   3.0426   0.0000   0.0000   0.0000 

Displacements 
  0.0000   0.0000   0.0000   0.0000  -2.1515   2.1515  -2.1515   2.1515  -2.1515  -2.1515   2.1515   2.1515   0.0000   0.0000   0.0000 
  2.1515   2.1515  -2.1515  -2.1515   2.1515  -2.1515  -2.1515   2.1515   0.0000   0.0000   0.0000   0.0000   0.0000   0.0000   0.0000 
  2.1515  -2.1515   2.1515  -2.1515   0.0000   0.0000   0.0000   0.0000   2.1515  -2.1515  -2.1515   2.1515   0.0000   0.0000   0.0000 

Atom 78 (Fe): Coordinates (6.454415, 8.605886, 8.605886)
Nearest neighbours: 
       8       20       34       62      141      158      167      180      203      215      238      242        0        0        0 
Distances 
  3.0426   3.0426   3.0426   3.0426   3.0426   3.0426   3.0426   3.0426   3.0426   3.0426   3.0426   3.0426   0.0000   0.0000   0.0000 

Displacements 
  0.0000   0.0000   0.0000   0.0000  -2.1515   2.1515  -2.1515   2.1515  -2.1515  -2.1515   2.1515   2.1515   0.0000   0.0000   0.0000 
  2.1515   2.1515  -2.1515  -2.1515   2.1515  -2.1515  -2.1515   2.1515   0.0000   0.0000   0.0000   0.0000   0.0000   0.0000   0.0000 
  2.1515  -2.1515   2.1515  -2.1515   0.0000   0.0000   0.0000   0.0000   2.1515  -2.1515  -2.1515   2.1515   0.0000   0.0000   0.0000 

Atom 79 (Fe): Coordinates (15.060301, 8.605886, 8.605886)
Nearest neighbours: 
       9       21       35       63      140      159      166      181      202      214      239      243        0        0        0 
Distances 
  3.0426   3.0426   3.0426   3.0426   3.0426   3.0426   3.0426   3.0426   3.0426   3.0426   3.0426   3.0426   0.0000   0.0000   0.0000 

Displacements 
  0.0000   0.0000   0.0000   0.0000  -2.1515   2.1515  -2.1515   2.1515  -2.1515  -2.1515   2.1515   2.1515   0.0000   0.0000   0.0000 
  2.1515   2.1515  -2.1515  -2.1515   2.1515  -2.1515  -2.1515   2.1515   0.0000   0.0000   0.0000   0.0000   0.0000   0.0000   0.0000 
  2.1515  -2.1515   2.1515  -2.1515   0.0000   0.0000   0.0000   0.0000   2.1515  -2.1515  -2.1515   2.1515   0.0000   0.0000   0.0000 

Atom 80 (Fe): Coordinates (6.454415, 0.000000, 4.302943)
Nearest neighbours: 
      10       18       32       56      128      147      170      185      201      209      232      240        0        0        0 
Distances 
  3.0426   3.0426   3.0426   3.0426   3.0426   3.0426   3.0426   3.0426   3.0426   3.0426   3.0426   3.0426   0.0000   0.0000   0.0000 

Displacements 
  0.0000   0.0000   0.0000   0.0000   2.1515  -2.1515   2.1515  -2.1515  -2.1515  -2.1515   2.1515   2.1515   0.0000   0.0000   0.0000 
  2.1515   2.1515  -2.1515  -2.1515  -2.1515   2.1515   2.1515  -2.1515   0.0000   0.0000   0.0000   0.0000   0.0000   0.0000   0.0000 
 -2.1515   2.1515  -2.1515   2.1515   0.0000   0.0000   0.0000   0.0000  -2.1515   2.1515   2.1515  -2.1515   0.0000   0.0000   0.0000 

Atom 81 (Fe): Coordinates (15.060301, 0.000000, 4.302943)
Nearest neighbours: 
      11       19       33       57      129      146      171      184      200      208      233      241        0        0        0 
Distances 
  3.0426   3.0426   3.0426   3.0426   3.0426   3.0426   3.0426   3.0426   3.0426   3.0426   3.0426   3.0426   0.0000   0.0000   0.0000 

Displacements 
  0.0000   0.0000   0.0000   0.0000   2.1515  -2.1515   2.1515  -2.1515  -2.1515  -2.1515   2.1515   2.1515   0.0000   0.0000   0.0000 
  2.1515   2.1515  -2.1515  -2.1515  -2.1515   2.1515   2.1515  -2.1515   0.0000   0.0000   0.0000   0.0000   0.0000   0.0000   0.0000 
 -2.1515   2.1515  -2.1515   2.1515   0.0000   0.0000   0.0000   0.0000  -2.1515   2.1515   2.1515  -2.1515   0.0000   0.0000   0.0000 

Atom 82 (Fe): Coordinates (6.454415, 8.605886, 4.302943)
Nearest neighbours: 
       8       16       34       58      130      145      168      187      203      211      234      242        0        0        0 
Distances 
  3.0426   3.0426   3.0426   3.0426   3.0426   3.0426   3.0426   3.0426   3.0426   3.0426   3.0426   3.0426   0.0000   0.0000   0.0000 

Displacements 
  0.0000   0.0000   0.0000   0.0000   2.1515  -2.1515   2.1515  -2.1515  -2.1515  -2.1515   2.1515   2.1515   0.0000   0.0000   0.0000 
  2.1515   2.1515  -2.1515  -2.1515  -2.1515   2.1515   2.1515  -2.1515   0.0000   0.0000   0.0000   0.0000   0.0000   0.0000   0.0000 
 -2.1515   2.1515  -2.1515   2.1515   0.0000   0.0000   0.0000   0.0000  -2.1515   2.1515   2.1515  -2.1515   0.0000   0.0000   0.0000 

Atom 83 (Fe): Coordinates (15.060301, 8.605886, 4.302943)
Nearest neighbours: 
       9       17       35       59      131      144      169      186      202      210      235      243        0        0        0 
Distances 
  3.0426   3.0426   3.0426   3.0426   3.0426   3.0426   3.0426   3.0426   3.0426   3.0426   3.0426   3.0426   0.0000   0.0000   0.0000 

Displacements 
  0.0000   0.0000   0.0000   0.0000   2.1515  -2.1515   2.1515  -2.1515  -2.1515  -2.1515   2.1515   2.1515   0.0000   0.0000   0.0000 
  2.1515   2.1515  -2.1515  -2.1515  -2.1515   2.1515   2.1515  -2.1515   0.0000   0.0000   0.0000   0.0000   0.0000   0.0000   0.0000 
 -2.1515   2.1515  -2.1515   2.1515   0.0000   0.0000   0.0000   0.0000  -2.1515   2.1515   2.1515  -2.1515   0.0000   0.0000   0.0000 

Atom 84 (Fe): Coordinates (6.454415, 0.000000, 12.908830)
Nearest neighbours: 
      14       22       36       60      132      151      174      189      205      213      236      244        0        0        0 
Distances 
  3.0426   3.0426   3.0426   3.0426   3.0426   3.0426   3.0426   3.0426   3.0426   3.0426   3.0426   3.0426   0.0000   0.0000   0.0000 

Displacements 
  0.0000   0.0000   0.0000   0.0000   2.1515  -2.1515   2.1515  -2.1515  -2.1515  -2.1515   2.1515   2.1515   0.0000   0.0000   0.0000 
  2.1515   2.1515  -2.1515  -2.1515  -2.1515   2.1515   2.1515  -2.1515   0.0000   0.0000   0.0000   0.0000   0.0000   0.0000   0.0000 
 -2.1515   2.1515  -2.1515   2.1515   0.0000   0.0000   0.0000   0.0000  -2.1515   2.1515   2.1515  -2.1515   0.0000   0.0000   0.0000 

Atom 85 (Fe): Coordinates (15.060301, 0.000000, 12.908830)
Nearest neighbours: 
      15       23       37       61      133      150      175      188      204      212      237      245        0        0        0 
Distances 
  3.0426   3.0426   3.0426   3.0426   3.0426   3.0426   3.0426   3.0426   3.0426   3.0426   3.0426   3.0426   0.0000   0.0000   0.0000 

Displacements 
  0.0000   0.0000   0.0000   0.0000   2.1515  -2.1515   2.1515  -2.1515  -2.1515  -2.1515   2.1515   2.1515   0.0000   0.0000   0.0000 
  2.1515   2.1515  -2.1515  -2.1515  -2.1515   2.1515   2.1515  -2.1515   0.0000   0.0000   0.0000   0.0000   0.0000   0.0000   0.0000 
 -2.1515   2.1515  -2.1515   2.1515   0.0000   0.0000   0.0000   0.0000  -2.1515   2.1515   2.1515  -2.1515   0.0000   0.0000   0.0000 

Atom 86 (Fe): Coordinates (6.454415, 8.605886, 12.908830)
Nearest neighbours: 
      12       20       38       62      134      149      172      191      207      215      238      246        0        0        0 
Distances 
  3.0426   3.0426   3.0426   3.0426   3.0426   3.0426   3.0426   3.0426   3.0426   3.0426   3.0426   3.0426   0.0000   0.0000   0.0000 

Displacements 
  0.0000   0.0000   0.0000   0.0000   2.1515  -2.1515   2.1515  -2.1515  -2.1515  -2.1515   2.1515   2.1515   0.0000   0.0000   0.0000 
  2.1515   2.1515  -2.1515  -2.1515  -2.1515   2.1515   2.1515  -2.1515   0.0000   0.0000   0.0000   0.0000   0.0000   0.0000   0.0000 
 -2.1515   2.1515  -2.1515   2.1515   0.0000   0.0000   0.0000   0.0000  -2.1515   2.1515   2.1515  -2.1515   0.0000   0.0000   0.0000 

Atom 87 (Fe): Coordinates (15.060301, 8.605886, 12.908830)
Nearest neighbours: 
      13       21       39       63      135      148      173      190      206      214      239      247        0        0        0 
Distances 
  3.0426   3.0426   3.0426   3.0426   3.0426   3.0426   3.0426   3.0426   3.0426   3.0426   3.0426   3.0426   0.0000   0.0000   0.0000 

Displacements 
  0.0000   0.0000   0.0000   0.0000   2.1515  -2.1515   2.1515  -2.1515  -2.1515  -2.1515   2.1515   2.1515   0.0000   0.0000   0.0000 
  2.1515   2.1515  -2.1515  -2.1515  -2.1515   2.1515   2.1515  -2.1515   0.0000   0.0000   0.0000   0.0000   0.0000   0.0000   0.0000 
 -2.1515   2.1515  -2.1515   2.1515   0.0000   0.0000   0.0000   0.0000  -2.1515   2.1515   2.1515  -2.1515   0.0000   0.0000   0.0000 

Atom 88 (Fe): Coordinates (2.151472, 4.302943, 0.000000)
Nearest neighbours: 
       0       28       40       52      136      152      160      176      192      220      228      248        0        0        0 
Distances 
  3.0426   3.0426   3.0426   3.0426   3.0426   3.0426   3.0426   3.0426   3.0426   3.0426   3.0426   3.0426   0.0000   0.0000   0.0000 

Displacements 
  0.0000   0.0000   0.0000   0.0000   2.1515  -2.1515   2.1515  -2.1515  -2.1515  -2.1515   2.1515   2.1515   0.0000   0.0000   0.0000 
  2.1515   2.1515  -2.1515  -2.1515  -2.1515   2.1515   2.1515  -2.1515   0.0000   0.0000   0.0000   0.0000   0.0000   0.0000   0.0000 
 -2.1515   2.1515  -2.1515   2.1515   0.0000   0.0000   0.0000   0.0000  -2.1515   2.1515   2.1515  -2.1515   0.0000   0.0000   0.0000 

Atom 89 (Fe): Coordinates (10.757358, 4.302943, 0.000000)
Nearest neighbours: 
       1       29       41       53      137      153      161      177      193      221      229      249        0        0        0 
Distances 
  3.0426   3.0426   3.0426   3.0426   3.0426   3.0426   3.0426   3.0426   3.0426   3.0426   3.0426   3.0426   0.0000   0.0000   0.0000 

Displacements 
  0.0000   0.0000   0.0000   0.0000   2.1515  -2.1515   2.1515  -2.1515  -2.1515  -2.1515   2.1515   2.1515   0.0000   0.0000   0.0000 
  2.1515   2.1515  -2.1515  -2.1515  -2.1515   2.1515   2.1515  -2.1515   0.0000   0.0000   0.0000   0.0000   0.0000   0.0000   0.0000 
 -2.1515   2.1515  -2.1515   2.1515   0.0000   0.0000   0.0000   0.0000  -2.1515   2.1515   2.1515  -2.1515   0.0000   0.0000   0.0000 

Atom 90 (Fe): Coordinates (2.151472, 12.908830, 0.000000)
Nearest neighbours: 
       2       30       42       54      138      154      162      178      194      222      230      250        0        0        0 
Distances 
  3.0426   3.0426   3.0426   3.0426   3.0426   3.0426   3.0426   3.0426   3.0426   3.0426   3.0426   3.0426   0.0000   0.0000   0.0000 

Displacements 
  0.0000   0.0000   0.0000   0.0000   2.1515  -2.1515   2.1515  -2.1515  -2.1515  -2.1515   2.1515   2.1515   0.0000   0.0000   0.0000 
  2.1515   2.1515  -2.1515  -2.1515  -2.1515   2.1515   2.1515  -2.1515   0.0000   0.0000   0.0000   0.0000   0.0000   0.0000   0.0000 
 -2.1515   2.1515  -2.1515   2.1515   0.0000   0.0000   0.0000   0.0000  -2.1515   2.1515   2.1515  -2.1515   0.0000   0.0000   0.0000 

Atom 91 (Fe): Coordinates (10.757358, 12.908830, 0.000000)
Nearest neighbours: 
       3       31       43       55      139      155      163      179      195      223      231      251        0        0        0 
Distances 
  3.0426   3.0426   3.0426   3.0426   3.0426   3.0426   3.0426   3.0426   3.0426   3.0426   3.0426   3.0426   0.0000   0.0000   0.0000 

Displacements 
  0.0000   0.0000   0.0000   0.0000   2.1515  -2.1515   2.1515  -2.1515  -2.1515  -2.1515   2.1515   2.1515   0.0000   0.0000   0.0000 
  2.1515   2.1515  -2.1515  -2.1515  -2.1515   2.1515   2.1515  -2.1515   0.0000   0.0000   0.0000   0.0000   0.0000   0.0000   0.0000 
 -2.1515   2.1515  -2.1515   2.1515   0.0000   0.0000   0.0000   0.0000  -2.1515   2.1515   2.1515  -2.1515   0.0000   0.0000   0.0000 

Atom 92 (Fe): Coordinates (2.151472, 4.302943, 8.605886)
Nearest neighbours: 
       4       24       44       48      140      156      164      180      196      216      224      252        0        0        0 
Distances 
  3.0426   3.0426   3.0426   3.0426   3.0426   3.0426   3.0426   3.0426   3.0426   3.0426   3.0426   3.0426   0.0000   0.0000   0.0000 

Displacements 
  0.0000   0.0000   0.0000   0.0000   2.1515  -2.1515   2.1515  -2.1515  -2.1515  -2.1515   2.1515   2.1515   0.0000   0.0000   0.0000 
  2.1515   2.1515  -2.1515  -2.1515  -2.1515   2.1515   2.1515  -2.1515   0.0000   0.0000   0.0000   0.0000   0.0000   0.0000   0.0000 
 -2.1515   2.1515  -2.1515   2.1515   0.0000   0.0000   0.0000   0.0000  -2.1515   2.1515   2.1515  -2.1515   0.0000   0.0000   0.0000 

Atom 93 (Fe): Coordinates (10.757358, 4.302943, 8.605886)
Nearest neighbours: 
       5       25       45       49      141      157      165      181      197      217      225      253        0        0        0 
Distances 
  3.0426   3.0426   3.0426   3.0426   3.0426   3.0426   3.0426   3.0426   3.0426   3.0426   3.0426   3.0426   0.0000   0.0000   0.0000 

Displacements 
  0.0000   0.0000   0.0000   0.0000   2.1515  -2.1515   2.1515  -2.1515  -2.1515  -2.1515   2.1515   2.1515   0.0000   0.0000   0.0000 
  2.1515   2.1515  -2.1515  -2.1515  -2.1515   2.1515   2.1515  -2.1515   0.0000   0.0000   0.0000   0.0000   0.0000   0.0000   0.0000 
 -2.1515   2.1515  -2.1515   2.1515   0.0000   0.0000   0.0000   0.0000  -2.1515   2.1515   2.1515  -2.1515   0.0000   0.0000   0.0000 

Atom 94 (Fe): Coordinates (2.151472, 12.908830, 8.605886)
Nearest neighbours: 
       6       26       46       50      142      158      166      182      198      218      226      254        0        0        0 
Distances 
  3.0426   3.0426   3.0426   3.0426   3.0426   3.0426   3.0426   3.0426   3.0426   3.0426   3.0426   3.0426   0.0000   0.0000   0.0000 

Displacements 
  0.0000   0.0000   0.0000   0.0000   2.1515  -2.1515   2.1515  -2.1515  -2.1515  -2.1515   2.1515   2.1515   0.0000   0.0000   0.0000 
  2.1515   2.1515  -2.1515  -2.1515  -2.1515   2.1515   2.1515  -2.1515   0.0000   0.0000   0.0000   0.0000   0.0000   0.0000   0.0000 
 -2.1515   2.1515  -2.1515   2.1515   0.0000   0.0000   0.0000   0.0000  -2.1515   2.1515   2.1515  -2.1515   0.0000   0.0000   0.0000 

Atom 95 (Fe): Coordinates (10.757358, 12.908830, 8.605886)
Nearest neighbours: 
       7       27       47       51      143      159      167      183      199      219      227      255        0        0        0 
Distances 
  3.0426   3.0426   3.0426   3.0426   3.0426   3.0426   3.0426   3.0426   3.0426   3.0426   3.0426   3.0426   0.0000   0.0000   0.0000 

Displacements 
  0.0000   0.0000   0.0000   0.0000   2.1515  -2.1515   2.1515  -2.1515  -2.1515  -2.1515   2.1515   2.1515   0.0000   0.0000   0.0000 
  2.1515   2.1515  -2.1515  -2.1515  -2.1515   2.1515   2.1515  -2.1515   0.0000   0.0000   0.0000   0.0000   0.0000   0.0000   0.0000 
 -2.1515   2.1515  -2.1515   2.1515   0.0000   0.0000   0.0000   0.0000  -2.1515   2.1515   2.1515  -2.1515   0.0000   0.0000   0.0000 

Atom 96 (Fe): Coordinates (6.454415, 4.302943, 0.000000)
Nearest neighbours: 
      12       16       36       56      137      152      161      176      192      220      229      249        0        0        0 
Distances 
  3.0426   3.0426   3.0426   3.0426   3.0426   3.0426   3.0426   3.0426   3.0426   3.0426   3.0426   3.0426   0.0000   0.0000   0.0000 

Displacements 
  0.0000   0.0000   0.0000   0.0000  -2.1515   2.1515  -2.1515   2.1515   2.1515   2.1515  -2.1515  -2.1515   0.0000   0.0000   0.0000 
 -2.1515  -2.1515   2.1515   2.1515  -2.1515   2.1515   2.1515  -2.1515   0.0000   0.0000   0.0000   0.0000   0.0000   0.0000   0.0000 
  2.1515  -2.1515   2.1515  -2.1515   0.0000   0.0000   0.0000   0.0000  -2.1515   2.1515   2.1515  -2.1515   0.0000   0.0000   0.0000 

Atom 97 (Fe): Coordinates (15.060301, 4.302943, 0.000000)
Nearest neighbours: 
      13       17       37       57      136      153      160      177      193      221      228      248        0        0        0 
Distances 
  3.0426   3.0426   3.0426   3.0426   3.0426   3.0426   3.0426   3.0426   3.0426   3.0426   3.0426   3.0426   0.0000   0.0000   0.0000 

Displacements 
  0.0000   0.0000   0.0000   0.0000  -2.1515   2.1515  -2.1515   2.1515   2.1515   2.1515  -2.1515  -2.1515   0.0000   0.0000   0.0000 
 -2.1515  -2.1515   2.1515   2.1515  -2.1515   2.1515   2.1515  -2.1515   0.0000   0.0000   0.0000   0.0000   0.0000   0.0000   0.0000 
  2.1515  -2.1515   2.1515  -2.1515   0.0000   0.0000   0.0000   0.0000  -2.1515   2.1515   2.1515  -2.1515   0.0000   0.0000   0.0000 

Atom 98 (Fe): Coordinates (6.454415, 12.908830, 0.000000)
Nearest neighbours: 
      14       18       38       58      139      154      163      178      194      222      231      251        0        0        0 
Distances 
  3.0426   3.0426   3.0426   3.0426   3.0426   3.0426   3.0426   3.0426   3.0426   3.0426   3.0426   3.0426   0.0000   0.0000   0.0000 

Displacements 
  0.0000   0.0000   0.0000   0.0000  -2.1515   2.1515  -2.1515   2.1515   2.1515   2.1515  -2.1515  -2.1515   0.0000   0.0000   0.0000 
 -2.1515  -2.1515   2.1515   2.1515  -2.1515   2.1515   2.1515  -2.1515   0.0000   0.0000   0.0000   0.0000   0.0000   0.0000   0.0000 
  2.1515  -2.1515   2.1515  -2.1515   0.0000   0.0000   0.0000   0.0000  -2.1515   2.1515   2.1515  -2.1515   0.0000   0.0000   0.0000 

Atom 99 (Fe): Coordinates (15.060301, 12.908830, 0.000000)
Nearest neighbours: 
      15       19       39       59      138      155      162      179      195      223      230      250        0        0        0 
Distances 
  3.0426   3.0426   3.0426   3.0426   3.0426   3.0426   3.0426   3.0426   3.0426   3.0426   3.0426   3.0426   0.0000   0.0000   0.0000 

Displacements 
  0.0000   0.0000   0.0000   0.0000  -2.1515   2.1515  -2.1515   2.1515   2.1515   2.1515  -2.1515  -2.1515   0.0000   0.0000   0.0000 
 -2.1515  -2.1515   2.1515   2.1515  -2.1515   2.1515   2.1515  -2.1515   0.0000   0.0000   0.0000   0.0000   0.0000   0.0000   0.0000 
  2.1515  -2.1515   2.1515  -2.1515   0.0000   0.0000   0.0000   0.0000  -2.1515   2.1515   2.1515  -2.1515   0.0000   0.0000   0.0000 

Atom 100 (Fe): Coordinates (6.454415, 4.302943, 8.605886)
Nearest neighbours: 
       8       20       32       60      141      156      165      180      196      216      225      253        0        0        0 
Distances 
  3.0426   3.0426   3.0426   3.0426   3.0426   3.0426   3.0426   3.0426   3.0426   3.0426   3.0426   3.0426   0.0000   0.0000   0.0000 

Displacements 
  0.0000   0.0000   0.0000   0.0000  -2.1515   2.1515  -2.1515   2.1515   2.1515   2.1515  -2.1515  -2.1515   0.0000   0.0000   0.0000 
 -2.1515  -2.1515   2.1515   2.1515  -2.1515   2.1515   2.1515  -2.1515   0.0000   0.0000   0.0000   0.0000   0.0000   0.0000   0.0000 
  2.1515  -2.1515   2.1515  -2.1515   0.0000   0.0000   0.0000   0.0000  -2.1515   2.1515   2.1515  -2.1515   0.0000   0.0000   0.0000 

Atom 101 (Fe): Coordinates (15.060301, 4.302943, 8.605886)
Nearest neighbours: 
       9       21       33       61      140      157      164      181      197      217      224      252        0        0        0 
Distances 
  3.0426   3.0426   3.0426   3.0426   3.0426   3.0426   3.0426   3.0426   3.0426   3.0426   3.0426   3.0426   0.0000   0.0000   0.0000 

Displacements 
  0.0000   0.0000   0.0000   0.0000  -2.1515   2.1515  -2.1515   2.1515   2.1515   2.1515  -2.1515  -2.1515   0.0000   0.0000   0.0000 
 -2.1515  -2.1515   2.1515   2.1515  -2.1515   2.1515   2.1515  -2.1515   0.0000   0.0000   0.0000   0.0000   0.0000   0.0000   0.0000 
  2.1515  -2.1515   2.1515  -2.1515   0.0000   0.0000   0.0000   0.0000  -2.1515   2.1515   2.1515  -2.1515   0.0000   0.0000   0.0000 

Atom 102 (Fe): Coordinates (6.454415, 12.908830, 8.605886)
Nearest neighbours: 
      10       22       34       62      143      158      167      182      198      218      227      255        0        0        0 
Distances 
  3.0426   3.0426   3.0426   3.0426   3.0426   3.0426   3.0426   3.0426   3.0426   3.0426   3.0426   3.0426   0.0000   0.0000   0.0000 

Displacements 
  0.0000   0.0000   0.0000   0.0000  -2.1515   2.1515  -2.1515   2.1515   2.1515   2.1515  -2.1515  -2.1515   0.0000   0.0000   0.0000 
 -2.1515  -2.1515   2.1515   2.1515  -2.1515   2.1515   2.1515  -2.1515   0.0000   0.0000   0.0000   0.0000   0.0000   0.0000   0.0000 
  2.1515  -2.1515   2.1515  -2.1515   0.0000   0.0000   0.0000   0.0000  -2.1515   2.1515   2.1515  -2.1515   0.0000   0.0000   0.0000 

Atom 103 (Fe): Coordinates (15.060301, 12.908830, 8.605886)
Nearest neighbours: 
      11       23       35       63      142      159      166      183      199      219      226      254        0        0        0 
Distances 
  3.0426   3.0426   3.0426   3.0426   3.0426   3.0426   3.0426   3.0426   3.0426   3.0426   3.0426   3.0426   0.0000   0.0000   0.0000 

Displacements 
  0.0000   0.0000   0.0000   0.0000  -2.1515   2.1515  -2.1515   2.1515   2.1515   2.1515  -2.1515  -2.1515   0.0000   0.0000   0.0000 
 -2.1515  -2.1515   2.1515   2.1515  -2.1515   2.1515   2.1515  -2.1515   0.0000   0.0000   0.0000   0.0000   0.0000   0.0000   0.0000 
  2.1515  -2.1515   2.1515  -2.1515   0.0000   0.0000   0.0000   0.0000  -2.1515   2.1515   2.1515  -2.1515   0.0000   0.0000   0.0000 

Atom 104 (Fe): Coordinates (2.151472, 0.000000, 4.302943)
Nearest neighbours: 
       0       24       42       50      128      146      170      184      200      208      232      240        0        0        0 
Distances 
  3.0426   3.0426   3.0426   3.0426   3.0426   3.0426   3.0426   3.0426   3.0426   3.0426   3.0426   3.0426   0.0000   0.0000   0.0000 

Displacements 
  0.0000   0.0000   0.0000   0.0000  -2.1515   2.1515  -2.1515   2.1515   2.1515   2.1515  -2.1515  -2.1515   0.0000   0.0000   0.0000 
 -2.1515  -2.1515   2.1515   2.1515  -2.1515   2.1515   2.1515  -2.1515   0.0000   0.0000   0.0000   0.0000   0.0000   0.0000   0.0000 
  2.1515  -2.1515   2.1515  -2.1515   0.0000   0.0000   0.0000   0.0000  -2.1515   2.1515   2.1515  -2.1515   0.0000   0.0000   0.0000 

Atom 105 (Fe): Coordinates (10.757358, 0.000000, 4.302943)
Nearest neighbours: 
       1       25       43       51      129      147      171      185      201      209      233      241        0        0        0 
Distances 
  3.0426   3.0426   3.0426   3.0426   3.0426   3.0426   3.0426   3.0426   3.0426   3.0426   3.0426   3.0426   0.0000   0.0000   0.0000 

Displacements 
  0.0000   0.0000   0.0000   0.0000  -2.1515   2.1515  -2.1515   2.1515   2.1515   2.1515  -2.1515  -2.1515   0.0000   0.0000   0.0000 
 -2.1515  -2.1515   2.1515   2.1515  -2.1515   2.1515   2.1515  -2.1515   0.0000   0.0000   0.0000   0.0000   0.0000   0.0000   0.0000 
  2.1515  -2.1515   2.1515  -2.1515   0.0000   0.0000   0.0000   0.0000  -2.1515   2.1515   2.1515  -2.1515   0.0000   0.0000   0.0000 

Atom 106 (Fe): Coordinates (2.151472, 8.605886, 4.302943)
Nearest neighbours: 
       2       26       40       48      130      144      168      186      202      210      234      242        0        0        0 
Distances 
  3.0426   3.0426   3.0426   3.0426   3.0426   3.0426   3.0426   3.0426   3.0426   3.0426   3.0426   3.0426   0.0000   0.0000   0.0000 

Displacements 
  0.0000   0.0000   0.0000   0.0000  -2.1515   2.1515  -2.1515   2.1515   2.1515   2.1515  -2.1515  -2.1515   0.0000   0.0000   0.0000 
 -2.1515  -2.1515   2.1515   2.1515  -2.1515   2.1515   2.1515  -2.1515   0.0000   0.0000   0.0000   0.0000   0.0000   0.0000   0.0000 
  2.1515  -2.1515   2.1515  -2.1515   0.0000   0.0000   0.0000   0.0000  -2.1515   2.1515   2.1515  -2.1515   0.0000   0.0000   0.0000 

Atom 107 (Fe): Coordinates (10.757358, 8.605886, 4.302943)
Nearest neighbours: 
       3       27       41       49      131      145      169      187      203      211      235      243        0        0        0 
Distances 
  3.0426   3.0426   3.0426   3.0426   3.0426   3.0426   3.0426   3.0426   3.0426   3.0426   3.0426   3.0426   0.0000   0.0000   0.0000 

Displacements 
  0.0000   0.0000   0.0000   0.0000  -2.1515   2.1515  -2.1515   2.1515   2.1515   2.1515  -2.1515  -2.1515   0.0000   0.0000   0.0000 
 -2.1515  -2.1515   2.1515   2.1515  -2.1515   2.1515   2.1515  -2.1515   0.0000   0.0000   0.0000   0.0000   0.0000   0.0000   0.0000 
  2.1515  -2.1515   2.1515  -2.1515   0.0000   0.0000   0.0000   0.0000  -2.1515   2.1515   2.1515  -2.1515   0.0000   0.0000   0.0000 

Atom 108 (Fe): Coordinates (2.151472, 0.000000, 12.908830)
Nearest neighbours: 
       4       28       46       54      132      150      174      188      204      212      236      244        0        0        0 
Distances 
  3.0426   3.0426   3.0426   3.0426   3.0426   3.0426   3.0426   3.0426   3.0426   3.0426   3.0426   3.0426   0.0000   0.0000   0.0000 

Displacements 
  0.0000   0.0000   0.0000   0.0000  -2.1515   2.1515  -2.1515   2.1515   2.1515   2.1515  -2.1515  -2.1515   0.0000   0.0000   0.0000 
 -2.1515  -2.1515   2.1515   2.1515  -2.1515   2.1515   2.1515  -2.1515   0.0000   0.0000   0.0000   0.0000   0.0000   0.0000   0.0000 
  2.1515  -2.1515   2.1515  -2.1515   0.0000   0.0000   0.0000   0.0000  -2.1515   2.1515   2.1515  -2.1515   0.0000   0.0000   0.0000 

Atom 109 (Fe): Coordinates (10.757358, 0.000000, 12.908830)
Nearest neighbours: 
       5       29       47       55      133      151      175      189      205      213      237      245        0        0        0 
Distances 
  3.0426   3.0426   3.0426   3.0426   3.0426   3.0426   3.0426   3.0426   3.0426   3.0426   3.0426   3.0426   0.0000   0.0000   0.0000 

Displacements 
  0.0000   0.0000   0.0000   0.0000  -2.1515   2.1515  -2.1515   2.1515   2.1515   2.1515  -2.1515  -2.1515   0.0000   0.0000   0.0000 
 -2.1515  -2.1515   2.1515   2.1515  -2.1515   2.1515   2.1515  -2.1515   0.0000   0.0000   0.0000   0.0000   0.0000   0.0000   0.0000 
  2.1515  -2.1515   2.1515  -2.1515   0.0000   0.0000   0.0000   0.0000  -2.1515   2.1515   2.1515  -2.1515   0.0000   0.0000   0.0000 

Atom 110 (Fe): Coordinates (2.151472, 8.605886, 12.908830)
Nearest neighbours: 
       6       30       44       52      134      148      172      190      206      214      238      246        0        0        0 
Distances 
  3.0426   3.0426   3.0426   3.0426   3.0426   3.0426   3.0426   3.0426   3.0426   3.0426   3.0426   3.0426   0.0000   0.0000   0.0000 

Displacements 
  0.0000   0.0000   0.0000   0.0000  -2.1515   2.1515  -2.1515   2.1515   2.1515   2.1515  -2.1515  -2.1515   0.0000   0.0000   0.0000 
 -2.1515  -2.1515   2.1515   2.1515  -2.1515   2.1515   2.1515  -2.1515   0.0000   0.0000   0.0000   0.0000   0.0000   0.0000   0.0000 
  2.1515  -2.1515   2.1515  -2.1515   0.0000   0.0000   0.0000   0.0000  -2.1515   2.1515   2.1515  -2.1515   0.0000   0.0000   0.0000 

Atom 111 (Fe): Coordinates (10.757358, 8.605886, 12.908830)
Nearest neighbours: 
       7       31       45       53      135      149      173      191      207      215      239      247        0        0        0 
Distances 
  3.0426   3.0426   3.0426   3.0426   3.0426   3.0426   3.0426   3.0426   3.0426   3.0426   3.0426   3.0426   0.0000   0.0000   0.0000 

Displacements 
  0.0000   0.0000   0.0000   0.0000  -2.1515   2.1515  -2.1515   2.1515   2.1515   2.1515  -2.1515  -2.1515   0.0000   0.0000   0.0000 
 -2.1515  -2.1515   2.1515   2.1515  -2.1515   2.1515   2.1515  -2.1515   0.0000   0.0000   0.0000   0.0000   0.0000   0.0000   0.0000 
  2.1515  -2.1515   2.1515  -2.1515   0.0000   0.0000   0.0000   0.0000  -2.1515   2.1515   2.1515  -2.1515   0.0000   0.0000   0.0000 

Atom 112 (Fe): Coordinates (2.151472, 0.000000, 0.000000)
Nearest neighbours: 
       0       28       42       54      138      152      160      178      204      208      232      244        0        0        0 
Distances 
  3.0426   3.0426   3.0426   3.0426   3.0426   3.0426   3.0426   3.0426   3.0426   3.0426   3.0426   3.0426   0.0000   0.0000   0.0000 

Displacements 
  0.0000   0.0000   0.0000   0.0000   2.1515  -2.1515   2.1515  -2.1515   2.1515   2.1515  -2.1515  -2.1515   0.0000   0.0000   0.0000 
 -2.1515  -2.1515   2.1515   2.1515   2.1515  -2.1515  -2.1515   2.1515   0.0000   0.0000   0.0000   0.0000   0.0000   0.0000   0.0000 
 -2.1515   2.1515  -2.1515   2.1515   0.0000   0.0000   0.0000   0.0000   2.1515  -2.1515  -2.1515   2.1515   0.0000   0.0000   0.0000 

Atom 113 (Fe): Coordinates (10.757358, 0.000000, 0.000000)
Nearest neighbours: 
       1       29       43       55      139      153      161      179      205      209      233      245        0        0        0 
Distances 
  3.0426   3.0426   3.0426   3.0426   3.0426   3.0426   3.0426   3.0426   3.0426   3.0426   3.0426   3.0426   0.0000   0.0000   0.0000 

Displacements 
  0.0000   0.0000   0.0000   0.0000   2.1515  -2.1515   2.1515  -2.1515   2.1515   2.1515  -2.1515  -2.1515   0.0000   0.0000   0.0000 
 -2.1515  -2.1515   2.1515   2.1515   2.1515  -2.1515  -2.1515   2.1515   0.0000   0.0000   0.0000   0.0000   0.0000   0.0000   0.0000 
 -2.1515   2.1515  -2.1515   2.1515   0.0000   0.0000   0.0000   0.0000   2.1515  -2.1515  -2.1515   2.1515   0.0000   0.0000   0.0000 

Atom 114 (Fe): Coordinates (2.151472, 8.605886, 0.000000)
Nearest neighbours: 
       2       30       40       52      136      154      162      176      206      210      234      246        0        0        0 
Distances 
  3.0426   3.0426   3.0426   3.0426   3.0426   3.0426   3.0426   3.0426   3.0426   3.0426   3.0426   3.0426   0.0000   0.0000   0.0000 

Displacements 
  0.0000   0.0000   0.0000   0.0000   2.1515  -2.1515   2.1515  -2.1515   2.1515   2.1515  -2.1515  -2.1515   0.0000   0.0000   0.0000 
 -2.1515  -2.1515   2.1515   2.1515   2.1515  -2.1515  -2.1515   2.1515   0.0000   0.0000   0.0000   0.0000   0.0000   0.0000   0.0000 
 -2.1515   2.1515  -2.1515   2.1515   0.0000   0.0000   0.0000   0.0000   2.1515  -2.1515  -2.1515   2.1515   0.0000   0.0000   0.0000 

Atom 115 (Fe): Coordinates (10.757358, 8.605886, 0.000000)
Nearest neighbours: 
       3       31       41       53      137      155      163      177      207      211      235      247        0        0        0 
Distances 
  3.0426   3.0426   3.0426   3.0426   3.0426   3.0426   3.0426   3.0426   3.0426   3.0426   3.0426   3.0426   0.0000   0.0000   0.0000 

Displacements 
  0.0000   0.0000   0.0000   0.0000   2.1515  -2.1515   2.1515  -2.1515   2.1515   2.1515  -2.1515  -2.1515   0.0000   0.0000   0.0000 
 -2.1515  -2.1515   2.1515   2.1515   2.1515  -2.1515  -2.1515   2.1515   0.0000   0.0000   0.0000   0.0000   0.0000   0.0000   0.0000 
 -2.1515   2.1515  -2.1515   2.1515   0.0000   0.0000   0.0000   0.0000   2.1515  -2.1515  -2.1515   2.1515   0.0000   0.0000   0.0000 

Atom 116 (Fe): Coordinates (2.151472, 0.000000, 8.605886)
Nearest neighbours: 
       4       24       46       50      142      156      164      182      200      212      236      240        0        0        0 
Distances 
  3.0426   3.0426   3.0426   3.0426   3.0426   3.0426   3.0426   3.0426   3.0426   3.0426   3.0426   3.0426   0.0000   0.0000   0.0000 

Displacements 
  0.0000   0.0000   0.0000   0.0000   2.1515  -2.1515   2.1515  -2.1515   2.1515   2.1515  -2.1515  -2.1515   0.0000   0.0000   0.0000 
 -2.1515  -2.1515   2.1515   2.1515   2.1515  -2.1515  -2.1515   2.1515   0.0000   0.0000   0.0000   0.0000   0.0000   0.0000   0.0000 
 -2.1515   2.1515  -2.1515   2.1515   0.0000   0.0000   0.0000   0.0000   2.1515  -2.1515  -2.1515   2.1515   0.0000   0.0000   0.0000 

Atom 117 (Fe): Coordinates (10.757358, 0.000000, 8.605886)
Nearest neighbours: 
       5       25       47       51      143      157      165      183      201      213      237      241        0        0        0 
Distances 
  3.0426   3.0426   3.0426   3.0426   3.0426   3.0426   3.0426   3.0426   3.0426   3.0426   3.0426   3.0426   0.0000   0.0000   0.0000 

Displacements 
  0.0000   0.0000   0.0000   0.0000   2.1515  -2.1515   2.1515  -2.1515   2.1515   2.1515  -2.1515  -2.1515   0.0000   0.0000   0.0000 
 -2.1515  -2.1515   2.1515   2.1515   2.1515  -2.1515  -2.1515   2.1515   0.0000   0.0000   0.0000   0.0000   0.0000   0.0000   0.0000 
 -2.1515   2.1515  -2.1515   2.1515   0.0000   0.0000   0.0000   0.0000   2.1515  -2.1515  -2.1515   2.1515   0.0000   0.0000   0.0000 

Atom 118 (Fe): Coordinates (2.151472, 8.605886, 8.605886)
Nearest neighbours: 
       6       26       44       48      140      158      166      180      202      214      238      242        0        0        0 
Distances 
  3.0426   3.0426   3.0426   3.0426   3.0426   3.0426   3.0426   3.0426   3.0426   3.0426   3.0426   3.0426   0.0000   0.0000   0.0000 

Displacements 
  0.0000   0.0000   0.0000   0.0000   2.1515  -2.1515   2.1515  -2.1515   2.1515   2.1515  -2.1515  -2.1515   0.0000   0.0000   0.0000 
 -2.1515  -2.1515   2.1515   2.1515   2.1515  -2.1515  -2.1515   2.1515   0.0000   0.0000   0.0000   0.0000   0.0000   0.0000   0.0000 
 -2.1515   2.1515  -2.1515   2.1515   0.0000   0.0000   0.0000   0.0000   2.1515  -2.1515  -2.1515   2.1515   0.0000   0.0000   0.0000 

Atom 119 (Fe): Coordinates (10.757358, 8.605886, 8.605886)
Nearest neighbours: 
       7       27       45       49      141      159      167      181      203      215      239      243        0        0        0 
Distances 
  3.0426   3.0426   3.0426   3.0426   3.0426   3.0426   3.0426   3.0426   3.0426   3.0426   3.0426   3.0426   0.0000   0.0000   0.0000 

Displacements 
  0.0000   0.0000   0.0000   0.0000   2.1515  -2.1515   2.1515  -2.1515   2.1515   2.1515  -2.1515  -2.1515   0.0000   0.0000   0.0000 
 -2.1515  -2.1515   2.1515   2.1515   2.1515  -2.1515  -2.1515   2.1515   0.0000   0.0000   0.0000   0.0000   0.0000   0.0000   0.0000 
 -2.1515   2.1515  -2.1515   2.1515   0.0000   0.0000   0.0000   0.0000   2.1515  -2.1515  -2.1515   2.1515   0.0000   0.0000   0.0000 

Atom 120 (Fe): Coordinates (6.454415, 4.302943, 4.302943)
Nearest neighbours: 
       8       16       32       56      128      145      168      185      192      216      225      249        0        0        0 
Distances 
  3.0426   3.0426   3.0426   3.0426   3.0426   3.0426   3.0426   3.0426   3.0426   3.0426   3.0426   3.0426   0.0000   0.0000   0.0000 

Displacements 
  0.0000   0.0000   0.0000   0.0000   2.1515  -2.1515   2.1515  -2.1515   2.1515   2.1515  -2.1515  -2.1515   0.0000   0.0000   0.0000 
 -2.1515  -2.1515   2.1515   2.1515   2.1515  -2.1515  -2.1515   2.1515   0.0000   0.0000   0.0000   0.0000   0.0000   0.0000   0.0000 
 -2.1515   2.1515  -2.1515   2.1515   0.0000   0.0000   0.0000   0.0000   2.1515  -2.1515  -2.1515   2.1515   0.0000   0.0000   0.0000 

Atom 121 (Fe): Coordinates (15.060301, 4.302943, 4.302943)
Nearest neighbours: 
       9       17       33       57      129      144      169      184      193      217      224      248        0        0        0 
Distances 
  3.0426   3.0426   3.0426   3.0426   3.0426   3.0426   3.0426   3.0426   3.0426   3.0426   3.0426   3.0426   0.0000   0.0000   0.0000 

Displacements 
  0.0000   0.0000   0.0000   0.0000   2.1515  -2.1515   2.1515  -2.1515   2.1515   2.1515  -2.1515  -2.1515   0.0000   0.0000   0.0000 
 -2.1515  -2.1515   2.1515   2.1515   2.1515  -2.1515  -2.1515   2.1515   0.0000   0.0000   0.0000   0.0000   0.0000   0.0000   0.0000 
 -2.1515   2.1515  -2.1515   2.1515   0.0000   0.0000   0.0000   0.0000   2.1515  -2.1515  -2.1515   2.1515   0.0000   0.0000   0.0000 

Atom 122 (Fe): Coordinates (6.454415, 12.908830, 4.302943)
Nearest neighbours: 
      10       18       34       58      130      147      170      187      194      218      227      251        0        0        0 
Distances 
  3.0426   3.0426   3.0426   3.0426   3.0426   3.0426   3.0426   3.0426   3.0426   3.0426   3.0426   3.0426   0.0000   0.0000   0.0000 

Displacements 
  0.0000   0.0000   0.0000   0.0000   2.1515  -2.1515   2.1515  -2.1515   2.1515   2.1515  -2.1515  -2.1515   0.0000   0.0000   0.0000 
 -2.1515  -2.1515   2.1515   2.1515   2.1515  -2.1515  -2.1515   2.1515   0.0000   0.0000   0.0000   0.0000   0.0000   0.0000   0.0000 
 -2.1515   2.1515  -2.1515   2.1515   0.0000   0.0000   0.0000   0.0000   2.1515  -2.1515  -2.1515   2.1515   0.0000   0.0000   0.0000 

Atom 123 (Fe): Coordinates (15.060301, 12.908830, 4.302943)
Nearest neighbours: 
      11       19       35       59      131      146      171      186      195      219      226      250        0        0        0 
Distances 
  3.0426   3.0426   3.0426   3.0426   3.0426   3.0426   3.0426   3.0426   3.0426   3.0426   3.0426   3.0426   0.0000   0.0000   0.0000 

Displacements 
  0.0000   0.0000   0.0000   0.0000   2.1515  -2.1515   2.1515  -2.1515   2.1515   2.1515  -2.1515  -2.1515   0.0000   0.0000   0.0000 
 -2.1515  -2.1515   2.1515   2.1515   2.1515  -2.1515  -2.1515   2.1515   0.0000   0.0000   0.0000   0.0000   0.0000   0.0000   0.0000 
 -2.1515   2.1515  -2.1515   2.1515   0.0000   0.0000   0.0000   0.0000   2.1515  -2.1515  -2.1515   2.1515   0.0000   0.0000   0.0000 

Atom 124 (Fe): Coordinates (6.454415, 4.302943, 12.908830)
Nearest neighbours: 
      12       20       36       60      132      149      172      189      196      220      229      253        0        0        0 
Distances 
  3.0426   3.0426   3.0426   3.0426   3.0426   3.0426   3.0426   3.0426   3.0426   3.0426   3.0426   3.0426   0.0000   0.0000   0.0000 

Displacements 
  0.0000   0.0000   0.0000   0.0000   2.1515  -2.1515   2.1515  -2.1515   2.1515   2.1515  -2.1515  -2.1515   0.0000   0.0000   0.0000 
 -2.1515  -2.1515   2.1515   2.1515   2.1515  -2.1515  -2.1515   2.1515   0.0000   0.0000   0.0000   0.0000   0.0000   0.0000   0.0000 
 -2.1515   2.1515  -2.1515   2.1515   0.0000   0.0000   0.0000   0.0000   2.1515  -2.1515  -2.1515   2.1515   0.0000   0.0000   0.0000 

Atom 125 (Fe): Coordinates (15.060301, 4.302943, 12.908830)
Nearest neighbours: 
      13       21       37       61      133      148      173      188      197      221      228      252        0        0        0 
Distances 
  3.0426   3.0426   3.0426   3.0426   3.0426   3.0426   3.0426   3.0426   3.0426   3.0426   3.0426   3.0426   0.0000   0.0000   0.0000 

Displacements 
  0.0000   0.0000   0.0000   0.0000   2.1515  -2.1515   2.1515  -2.1515   2.1515   2.1515  -2.1515  -2.1515   0.0000   0.0000   0.0000 
 -2.1515  -2.1515   2.1515   2.1515   2.1515  -2.1515  -2.1515   2.1515   0.0000   0.0000   0.0000   0.0000   0.0000   0.0000   0.0000 
 -2.1515   2.1515  -2.1515   2.1515   0.0000   0.0000   0.0000   0.0000   2.1515  -2.1515  -2.1515   2.1515   0.0000   0.0000   0.0000 

Atom 126 (Fe): Coordinates (6.454415, 12.908830, 12.908830)
Nearest neighbours: 
      14       22       38       62      134      151      174      191      198      222      231      255        0        0        0 
Distances 
  3.0426   3.0426   3.0426   3.0426   3.0426   3.0426   3.0426   3.0426   3.0426   3.0426   3.0426   3.0426   0.0000   0.0000   0.0000 

Displacements 
  0.0000   0.0000   0.0000   0.0000   2.1515  -2.1515   2.1515  -2.1515   2.1515   2.1515  -2.1515  -2.1515   0.0000   0.0000   0.0000 
 -2.1515  -2.1515   2.1515   2.1515   2.1515  -2.1515  -2.1515   2.1515   0.0000   0.0000   0.0000   0.0000   0.0000   0.0000   0.0000 
 -2.1515   2.1515  -2.1515   2.1515   0.0000   0.0000   0.0000   0.0000   2.1515  -2.1515  -2.1515   2.1515   0.0000   0.0000   0.0000 

Atom 127 (Fe): Coordinates (15.060301, 12.908830, 12.908830)
Nearest neighbours: 
      15       23       39       63      135      150      175      190      199      223      230      254        0        0        0 
Distances 
  3.0426   3.0426   3.0426   3.0426   3.0426   3.0426   3.0426   3.0426   3.0426   3.0426   3.0426   3.0426   0.0000   0.0000   0.0000 

Displacements 
  0.0000   0.0000   0.0000   0.0000   2.1515  -2.1515   2.1515  -2.1515   2.1515   2.1515  -2.1515  -2.1515   0.0000   0.0000   0.0000 
 -2.1515  -2.1515   2.1515   2.1515   2.1515  -2.1515  -2.1515   2.1515   0.0000   0.0000   0.0000   0.0000   0.0000   0.0000   0.0000 
 -2.1515   2.1515  -2.1515   2.1515   0.0000   0.0000   0.0000   0.0000   2.1515  -2.1515  -2.1515   2.1515   0.0000   0.0000   0.0000 

Atom 128 (Fe): Coordinates (4.302943, 2.151472, 4.302943)
Nearest neighbours: 
       0       24       32       56       64       80      104      120      192      216      232      240        0        0        0 
Distances 
  3.0426   3.0426   3.0426   3.0426   3.0426   3.0426   3.0426   3.0426   3.0426   3.0426   3.0426   3.0426   0.0000   0.0000   0.0000 

Displacements 
  2.1515   2.1515  -2.1515  -2.1515   2.1515  -2.1515   2.1515  -2.1515   0.0000   0.0000   0.0000   0.0000   0.0000   0.0000   0.0000 
  0.0000   0.0000   0.0000   0.0000  -2.1515   2.1515   2.1515  -2.1515  -2.1515  -2.1515   2.1515   2.1515   0.0000   0.0000   0.0000 
  2.1515  -2.1515  -2.1515   2.1515   0.0000   0.0000   0.0000   0.0000   2.1515  -2.1515   2.1515  -2.1515   0.0000   0.0000   0.0000 

Atom 129 (Fe): Coordinates (12.908830, 2.151472, 4.302943)
Nearest neighbours: 
       1       25       33       57       65       81      105      121      193      217      233      241        0        0        0 
Distances 
  3.0426   3.0426   3.0426   3.0426   3.0426   3.0426   3.0426   3.0426   3.0426   3.0426   3.0426   3.0426   0.0000   0.0000   0.0000 

Displacements 
  2.1515   2.1515  -2.1515  -2.1515   2.1515  -2.1515   2.1515  -2.1515   0.0000   0.0000   0.0000   0.0000   0.0000   0.0000   0.0000 
  0.0000   0.0000   0.0000   0.0000  -2.1515   2.1515   2.1515  -2.1515  -2.1515  -2.1515   2.1515   2.1515   0.0000   0.0000   0.0000 
  2.1515  -2.1515  -2.1515   2.1515   0.0000   0.0000   0.0000   0.0000   2.1515  -2.1515   2.1515  -2.1515   0.0000   0.0000   0.0000 

Atom 130 (Fe): Coordinates (4.302943, 10.757358, 4.302943)
Nearest neighbours: 
       2       26       34       58       66       82      106      122      194      218      234      242        0        0        0 
Distances 
  3.0426   3.0426   3.0426   3.0426   3.0426   3.0426   3.0426   3.0426   3.0426   3.0426   3.0426   3.0426   0.0000   0.0000   0.0000 

Displacements 
  2.1515   2.1515  -2.1515  -2.1515   2.1515  -2.1515   2.1515  -2.1515   0.0000   0.0000   0.0000   0.0000   0.0000   0.0000   0.0000 
  0.0000   0.0000   0.0000   0.0000  -2.1515   2.1515   2.1515  -2.1515  -2.1515  -2.1515   2.1515   2.1515   0.0000   0.0000   0.0000 
  2.1515  -2.1515  -2.1515   2.1515   0.0000   0.0000   0.0000   0.0000   2.1515  -2.1515   2.1515  -2.1515   0.0000   0.0000   0.0000 

Atom 131 (Fe): Coordinates (12.908830, 10.757358, 4.302943)
Nearest neighbours: 
       3       27       35       59       67       83      107      123      195      219      235      243        0        0        0 
Distances 
  3.0426   3.0426   3.0426   3.0426   3.0426   3.0426   3.0426   3.0426   3.0426   3.0426   3.0426   3.0426   0.0000   0.0000   0.0000 

Displacements 
  2.1515   2.1515  -2.1515  -2.1515   2.1515  -2.1515   2.1515  -2.1515   0.0000   0.0000   0.0000   0.0000   0.0000   0.0000   0.0000 
  0.0000   0.0000   0.0000   0.0000  -2.1515   2.1515   2.1515  -2.1515  -2.1515  -2.1515   2.1515   2.1515   0.0000   0.0000   0.0000 
  2.1515  -2.1515  -2.1515   2.1515   0.0000   0.0000   0.0000   0.0000   2.1515  -2.1515   2.1515  -2.1515   0.0000   0.0000   0.0000 

Atom 132 (Fe): Coordinates (4.302943, 2.151472, 12.908830)
Nearest neighbours: 
       4       28       36       60       68       84      108      124      196      220      236      244        0        0        0 
Distances 
  3.0426   3.0426   3.0426   3.0426   3.0426   3.0426   3.0426   3.0426   3.0426   3.0426   3.0426   3.0426   0.0000   0.0000   0.0000 

Displacements 
  2.1515   2.1515  -2.1515  -2.1515   2.1515  -2.1515   2.1515  -2.1515   0.0000   0.0000   0.0000   0.0000   0.0000   0.0000   0.0000 
  0.0000   0.0000   0.0000   0.0000  -2.1515   2.1515   2.1515  -2.1515  -2.1515  -2.1515   2.1515   2.1515   0.0000   0.0000   0.0000 
  2.1515  -2.1515  -2.1515   2.1515   0.0000   0.0000   0.0000   0.0000   2.1515  -2.1515   2.1515  -2.1515   0.0000   0.0000   0.0000 

Atom 133 (Fe): Coordinates (12.908830, 2.151472, 12.908830)
Nearest neighbours: 
       5       29       37       61       69       85      109      125      197      221      237      245        0        0        0 
Distances 
  3.0426   3.0426   3.0426   3.0426   3.0426   3.0426   3.0426   3.0426   3.0426   3.0426   3.0426   3.0426   0.0000   0.0000   0.0000 

Displacements 
  2.1515   2.1515  -2.1515  -2.1515   2.1515  -2.1515   2.1515  -2.1515   0.0000   0.0000   0.0000   0.0000   0.0000   0.0000   0.0000 
  0.0000   0.0000   0.0000   0.0000  -2.1515   2.1515   2.1515  -2.1515  -2.1515  -2.1515   2.1515   2.1515   0.0000   0.0000   0.0000 
  2.1515  -2.1515  -2.1515   2.1515   0.0000   0.0000   0.0000   0.0000   2.1515  -2.1515   2.1515  -2.1515   0.0000   0.0000   0.0000 

Atom 134 (Fe): Coordinates (4.302943, 10.757358, 12.908830)
Nearest neighbours: 
       6       30       38       62       70       86      110      126      198      222      238      246        0        0        0 
Distances 
  3.0426   3.0426   3.0426   3.0426   3.0426   3.0426   3.0426   3.0426   3.0426   3.0426   3.0426   3.0426   0.0000   0.0000   0.0000 

Displacements 
  2.1515   2.1515  -2.1515  -2.1515   2.1515  -2.1515   2.1515  -2.1515   0.0000   0.0000   0.0000   0.0000   0.0000   0.0000   0.0000 
  0.0000   0.0000   0.0000   0.0000  -2.1515   2.1515   2.1515  -2.1515  -2.1515  -2.1515   2.1515   2.1515   0.0000   0.0000   0.0000 
  2.1515  -2.1515  -2.1515   2.1515   0.0000   0.0000   0.0000   0.0000   2.1515  -2.1515   2.1515  -2.1515   0.0000   0.0000   0.0000 

Atom 135 (Fe): Coordinates (12.908830, 10.757358, 12.908830)
Nearest neighbours: 
       7       31       39       63       71       87      111      127      199      223      239      247        0        0        0 
Distances 
  3.0426   3.0426   3.0426   3.0426   3.0426   3.0426   3.0426   3.0426   3.0426   3.0426   3.0426   3.0426   0.0000   0.0000   0.0000 

Displacements 
  2.1515   2.1515  -2.1515  -2.1515   2.1515  -2.1515   2.1515  -2.1515   0.0000   0.0000   0.0000   0.0000   0.0000   0.0000   0.0000 
  0.0000   0.0000   0.0000   0.0000  -2.1515   2.1515   2.1515  -2.1515  -2.1515  -2.1515   2.1515   2.1515   0.0000   0.0000   0.0000 
  2.1515  -2.1515  -2.1515   2.1515   0.0000   0.0000   0.0000   0.0000   2.1515  -2.1515   2.1515  -2.1515   0.0000   0.0000   0.0000 

Atom 136 (Fe): Coordinates (0.000000, 6.454415, 0.000000)
Nearest neighbours: 
      13       17       40       52       75       88       97      114      206      210      228      248        0        0        0 
Distances 
  3.0426   3.0426   3.0426   3.0426   3.0426   3.0426   3.0426   3.0426   3.0426   3.0426   3.0426   3.0426   0.0000   0.0000   0.0000 

Displacements 
  2.1515   2.1515  -2.1515  -2.1515   2.1515  -2.1515   2.1515  -2.1515   0.0000   0.0000   0.0000   0.0000   0.0000   0.0000   0.0000 
  0.0000   0.0000   0.0000   0.0000  -2.1515   2.1515   2.1515  -2.1515  -2.1515  -2.1515   2.1515   2.1515   0.0000   0.0000   0.0000 
  2.1515  -2.1515  -2.1515   2.1515   0.0000   0.0000   0.0000   0.0000   2.1515  -2.1515   2.1515  -2.1515   0.0000   0.0000   0.0000 

Atom 137 (Fe): Coordinates (8.605886, 6.454415, 0.000000)
Nearest neighbours: 
      12       16       41       53       74       89       96      115      207      211      229      249        0        0        0 
Distances 
  3.0426   3.0426   3.0426   3.0426   3.0426   3.0426   3.0426   3.0426   3.0426   3.0426   3.0426   3.0426   0.0000   0.0000   0.0000 

Displacements 
  2.1515   2.1515  -2.1515  -2.1515   2.1515  -2.1515   2.1515  -2.1515   0.0000   0.0000   0.0000   0.0000   0.0000   0.0000   0.0000 
  0.0000   0.0000   0.0000   0.0000  -2.1515   2.1515   2.1515  -2.1515  -2.1515  -2.1515   2.1515   2.1515   0.0000   0.0000   0.0000 
  2.1515  -2.1515  -2.1515   2.1515   0.0000   0.0000   0.0000   0.0000   2.1515  -2.1515   2.1515  -2.1515   0.0000   0.0000   0.0000 

Atom 138 (Fe): Coordinates (0.000000, 15.060301, 0.000000)
Nearest neighbours: 
      15       19       42       54       73       90       99      112      204      208      230      250        0        0        0 
Distances 
  3.0426   3.0426   3.0426   3.0426   3.0426   3.0426   3.0426   3.0426   3.0426   3.0426   3.0426   3.0426   0.0000   0.0000   0.0000 

Displacements 
  2.1515   2.1515  -2.1515  -2.1515   2.1515  -2.1515   2.1515  -2.1515   0.0000   0.0000   0.0000   0.0000   0.0000   0.0000   0.0000 
  0.0000   0.0000   0.0000   0.0000  -2.1515   2.1515   2.1515  -2.1515  -2.1515  -2.1515   2.1515   2.1515   0.0000   0.0000   0.0000 
  2.1515  -2.1515  -2.1515   2.1515   0.0000   0.0000   0.0000   0.0000   2.1515  -2.1515   2.1515  -2.1515   0.0000   0.0000   0.0000 

Atom 139 (Fe): Coordinates (8.605886, 15.060301, 0.000000)
Nearest neighbours: 
      14       18       43       55       72       91       98      113      205      209      231      251        0        0        0 
Distances 
  3.0426   3.0426   3.0426   3.0426   3.0426   3.0426   3.0426   3.0426   3.0426   3.0426   3.0426   3.0426   0.0000   0.0000   0.0000 

Displacements 
  2.1515   2.1515  -2.1515  -2.1515   2.1515  -2.1515   2.1515  -2.1515   0.0000   0.0000   0.0000   0.0000   0.0000   0.0000   0.0000 
  0.0000   0.0000   0.0000   0.0000  -2.1515   2.1515   2.1515  -2.1515  -2.1515  -2.1515   2.1515   2.1515   0.0000   0.0000   0.0000 
  2.1515  -2.1515  -2.1515   2.1515   0.0000   0.0000   0.0000   0.0000   2.1515  -2.1515   2.1515  -2.1515   0.0000   0.0000   0.0000 

Atom 140 (Fe): Coordinates (0.000000, 6.454415, 8.605886)
Nearest neighbours: 
       9       21       44       48       79       92      101      118      202      214      224      252        0        0        0 
Distances 
  3.0426   3.0426   3.0426   3.0426   3.0426   3.0426   3.0426   3.0426   3.0426   3.0426   3.0426   3.0426   0.0000   0.0000   0.0000 

Displacements 
  2.1515   2.1515  -2.1515  -2.1515   2.1515  -2.1515   2.1515  -2.1515   0.0000   0.0000   0.0000   0.0000   0.0000   0.0000   0.0000 
  0.0000   0.0000   0.0000   0.0000  -2.1515   2.1515   2.1515  -2.1515  -2.1515  -2.1515   2.1515   2.1515   0.0000   0.0000   0.0000 
  2.1515  -2.1515  -2.1515   2.1515   0.0000   0.0000   0.0000   0.0000   2.1515  -2.1515   2.1515  -2.1515   0.0000   0.0000   0.0000 

Atom 141 (Fe): Coordinates (8.605886, 6.454415, 8.605886)
Nearest neighbours: 
       8       20       45       49       78       93      100      119      203      215      225      253        0        0        0 
Distances 
  3.0426   3.0426   3.0426   3.0426   3.0426   3.0426   3.0426   3.0426   3.0426   3.0426   3.0426   3.0426   0.0000   0.0000   0.0000 

Displacements 
  2.1515   2.1515  -2.1515  -2.1515   2.1515  -2.1515   2.1515  -2.1515   0.0000   0.0000   0.0000   0.0000   0.0000   0.0000   0.0000 
  0.0000   0.0000   0.0000   0.0000  -2.1515   2.1515   2.1515  -2.1515  -2.1515  -2.1515   2.1515   2.1515   0.0000   0.0000   0.0000 
  2.1515  -2.1515  -2.1515   2.1515   0.0000   0.0000   0.0000   0.0000   2.1515  -2.1515   2.1515  -2.1515   0.0000   0.0000   0.0000 

Atom 142 (Fe): Coordinates (0.000000, 15.060301, 8.605886)
Nearest neighbours: 
      11       23       46       50       77       94      103      116      200      212      226      254        0        0        0 
Distances 
  3.0426   3.0426   3.0426   3.0426   3.0426   3.0426   3.0426   3.0426   3.0426   3.0426   3.0426   3.0426   0.0000   0.0000   0.0000 

Displacements 
  2.1515   2.1515  -2.1515  -2.1515   2.1515  -2.1515   2.1515  -2.1515   0.0000   0.0000   0.0000   0.0000   0.0000   0.0000   0.0000 
  0.0000   0.0000   0.0000   0.0000  -2.1515   2.1515   2.1515  -2.1515  -2.1515  -2.1515   2.1515   2.1515   0.0000   0.0000   0.0000 
  2.1515  -2.1515  -2.1515   2.1515   0.0000   0.0000   0.0000   0.0000   2.1515  -2.1515   2.1515  -2.1515   0.0000   0.0000   0.0000 

Atom 143 (Fe): Coordinates (8.605886, 15.060301, 8.605886)
Nearest neighbours: 
      10       22       47       51       76       95      102      117      201      213      227      255        0        0        0 
Distances 
  3.0426   3.0426   3.0426   3.0426   3.0426   3.0426   3.0426   3.0426   3.0426   3.0426   3.0426   3.0426   0.0000   0.0000   0.0000 

Displacements 
  2.1515   2.1515  -2.1515  -2.1515   2.1515  -2.1515   2.1515  -2.1515   0.0000   0.0000   0.0000   0.0000   0.0000   0.0000   0.0000 
  0.0000   0.0000   0.0000   0.0000  -2.1515   2.1515   2.1515  -2.1515  -2.1515  -2.1515   2.1515   2.1515   0.0000   0.0000   0.0000 
  2.1515  -2.1515  -2.1515   2.1515   0.0000   0.0000   0.0000   0.0000   2.1515  -2.1515   2.1515  -2.1515   0.0000   0.0000   0.0000 

Atom 144 (Fe): Coordinates (0.000000, 6.454415, 4.302943)
Nearest neighbours: 
       9       17       40       48       64       83      106      121      202      210      224      248        0        0        0 
Distances 
  3.0426   3.0426   3.0426   3.0426   3.0426   3.0426   3.0426   3.0426   3.0426   3.0426   3.0426   3.0426   0.0000   0.0000   0.0000 

Displacements 
  2.1515   2.1515  -2.1515  -2.1515  -2.1515   2.1515  -2.1515   2.1515   0.0000   0.0000   0.0000   0.0000   0.0000   0.0000   0.0000 
  0.0000   0.0000   0.0000   0.0000   2.1515  -2.1515  -2.1515   2.1515  -2.1515  -2.1515   2.1515   2.1515   0.0000   0.0000   0.0000 
 -2.1515   2.1515   2.1515  -2.1515   0.0000   0.0000   0.0000   0.0000  -2.1515   2.1515  -2.1515   2.1515   0.0000   0.0000   0.0000 

Atom 145 (Fe): Coordinates (8.605886, 6.454415, 4.302943)
Nearest neighbours: 
       8       16       41       49       65       82      107      120      203      211      225      249        0        0        0 
Distances 
  3.0426   3.0426   3.0426   3.0426   3.0426   3.0426   3.0426   3.0426   3.0426   3.0426   3.0426   3.0426   0.0000   0.0000   0.0000 

Displacements 
  2.1515   2.1515  -2.1515  -2.1515  -2.1515   2.1515  -2.1515   2.1515   0.0000   0.0000   0.0000   0.0000   0.0000   0.0000   0.0000 
  0.0000   0.0000   0.0000   0.0000   2.1515  -2.1515  -2.1515   2.1515  -2.1515  -2.1515   2.1515   2.1515   0.0000   0.0000   0.0000 
 -2.1515   2.1515   2.1515  -2.1515   0.0000   0.0000   0.0000   0.0000  -2.1515   2.1515  -2.1515   2.1515   0.0000   0.0000   0.0000 

Atom 146 (Fe): Coordinates (0.000000, 15.060301, 4.302943)
Nearest neighbours: 
      11       19       42       50       66       81      104      123      200      208      226      250        0        0        0 
Distances 
  3.0426   3.0426   3.0426   3.0426   3.0426   3.0426   3.0426   3.0426   3.0426   3.0426   3.0426   3.0426   0.0000   0.0000   0.0000 

Displacements 
  2.1515   2.1515  -2.1515  -2.1515  -2.1515   2.1515  -2.1515   2.1515   0.0000   0.0000   0.0000   0.0000   0.0000   0.0000   0.0000 
  0.0000   0.0000   0.0000   0.0000   2.1515  -2.1515  -2.1515   2.1515  -2.1515  -2.1515   2.1515   2.1515   0.0000   0.0000   0.0000 
 -2.1515   2.1515   2.1515  -2.1515   0.0000   0.0000   0.0000   0.0000  -2.1515   2.1515  -2.1515   2.1515   0.0000   0.0000   0.0000 

Atom 147 (Fe): Coordinates (8.605886, 15.060301, 4.302943)
Nearest neighbours: 
      10       18       43       51       67       80      105      122      201      209      227      251        0        0        0 
Distances 
  3.0426   3.0426   3.0426   3.0426   3.0426   3.0426   3.0426   3.0426   3.0426   3.0426   3.0426   3.0426   0.0000   0.0000   0.0000 

Displacements 
  2.1515   2.1515  -2.1515  -2.1515  -2.1515   2.1515  -2.1515   2.1515   0.0000   0.0000   0.0000   0.0000   0.0000   0.0000   0.0000 
  0.0000   0.0000   0.0000   0.0000   2.1515  -2.1515  -2.1515   2.1515  -2.1515  -2.1515   2.1515   2.1515   0.0000   0.0000   0.0000 
 -2.1515   2.1515   2.1515  -2.1515   0.0000   0.0000   0.0000   0.0000  -2.1515   2.1515  -2.1515   2.1515   0.0000   0.0000   0.0000 

Atom 148 (Fe): Coordinates (0.000000, 6.454415, 12.908830)
Nearest neighbours: 
      13       21       44       52       68       87      110      125      206      214      228      252        0        0        0 
Distances 
  3.0426   3.0426   3.0426   3.0426   3.0426   3.0426   3.0426   3.0426   3.0426   3.0426   3.0426   3.0426   0.0000   0.0000   0.0000 

Displacements 
  2.1515   2.1515  -2.1515  -2.1515  -2.1515   2.1515  -2.1515   2.1515   0.0000   0.0000   0.0000   0.0000   0.0000   0.0000   0.0000 
  0.0000   0.0000   0.0000   0.0000   2.1515  -2.1515  -2.1515   2.1515  -2.1515  -2.1515   2.1515   2.1515   0.0000   0.0000   0.0000 
 -2.1515   2.1515   2.1515  -2.1515   0.0000   0.0000   0.0000   0.0000  -2.1515   2.1515  -2.1515   2.1515   0.0000   0.0000   0.0000 

Atom 149 (Fe): Coordinates (8.605886, 6.454415, 12.908830)
Nearest neighbours: 
      12       20       45       53       69       86      111      124      207      215      229      253        0        0        0 
Distances 
  3.0426   3.0426   3.0426   3.0426   3.0426   3.0426   3.0426   3.0426   3.0426   3.0426   3.0426   3.0426   0.0000   0.0000   0.0000 

Displacements 
  2.1515   2.1515  -2.1515  -2.1515  -2.1515   2.1515  -2.1515   2.1515   0.0000   0.0000   0.0000   0.0000   0.0000   0.0000   0.0000 
  0.0000   0.0000   0.0000   0.0000   2.1515  -2.1515  -2.1515   2.1515  -2.1515  -2.1515   2.1515   2.1515   0.0000   0.0000   0.0000 
 -2.1515   2.1515   2.1515  -2.1515   0.0000   0.0000   0.0000   0.0000  -2.1515   2.1515  -2.1515   2.1515   0.0000   0.0000   0.0000 

Atom 150 (Fe): Coordinates (0.000000, 15.060301, 12.908830)
Nearest neighbours: 
      15       23       46       54       70       85      108      127      204      212      230      254        0        0        0 
Distances 
  3.0426   3.0426   3.0426   3.0426   3.0426   3.0426   3.0426   3.0426   3.0426   3.0426   3.0426   3.0426   0.0000   0.0000   0.0000 

Displacements 
  2.1515   2.1515  -2.1515  -2.1515  -2.1515   2.1515  -2.1515   2.1515   0.0000   0.0000   0.0000   0.0000   0.0000   0.0000   0.0000 
  0.0000   0.0000   0.0000   0.0000   2.1515  -2.1515  -2.1515   2.1515  -2.1515  -2.1515   2.1515   2.1515   0.0000   0.0000   0.0000 
 -2.1515   2.1515   2.1515  -2.1515   0.0000   0.0000   0.0000   0.0000  -2.1515   2.1515  -2.1515   2.1515   0.0000   0.0000   0.0000 

Atom 151 (Fe): Coordinates (8.605886, 15.060301, 12.908830)
Nearest neighbours: 
      14       22       47       55       71       84      109      126      205      213      231      255        0        0        0 
Distances 
  3.0426   3.0426   3.0426   3.0426   3.0426   3.0426   3.0426   3.0426   3.0426   3.0426   3.0426   3.0426   0.0000   0.0000   0.0000 

Displacements 
  2.1515   2.1515  -2.1515  -2.1515  -2.1515   2.1515  -2.1515   2.1515   0.0000   0.0000   0.0000   0.0000   0.0000   0.0000   0.0000 
  0.0000   0.0000   0.0000   0.0000   2.1515  -2.1515  -2.1515   2.1515  -2.1515  -2.1515   2.1515   2.1515   0.0000   0.0000   0.0000 
 -2.1515   2.1515   2.1515  -2.1515   0.0000   0.0000   0.0000   0.0000  -2.1515   2.1515  -2.1515   2.1515   0.0000   0.0000   0.0000 

Atom 152 (Fe): Coordinates (4.302943, 2.151472, 0.000000)
Nearest neighbours: 
       0       28       36       56       72       88       96      112      192      220      232      244        0        0        0 
Distances 
  3.0426   3.0426   3.0426   3.0426   3.0426   3.0426   3.0426   3.0426   3.0426   3.0426   3.0426   3.0426   0.0000   0.0000   0.0000 

Displacements 
  2.1515   2.1515  -2.1515  -2.1515  -2.1515   2.1515  -2.1515   2.1515   0.0000   0.0000   0.0000   0.0000   0.0000   0.0000   0.0000 
  0.0000   0.0000   0.0000   0.0000   2.1515  -2.1515  -2.1515   2.1515  -2.1515  -2.1515   2.1515   2.1515   0.0000   0.0000   0.0000 
 -2.1515   2.1515   2.1515  -2.1515   0.0000   0.0000   0.0000   0.0000  -2.1515   2.1515  -2.1515   2.1515   0.0000   0.0000   0.0000 

Atom 153 (Fe): Coordinates (12.908830, 2.151472, 0.000000)
Nearest neighbours: 
       1       29       37       57       73       89       97      113      193      221      233      245        0        0        0 
Distances 
  3.0426   3.0426   3.0426   3.0426   3.0426   3.0426   3.0426   3.0426   3.0426   3.0426   3.0426   3.0426   0.0000   0.0000   0.0000 

Displacements 
  2.1515   2.1515  -2.1515  -2.1515  -2.1515   2.1515  -2.1515   2.1515   0.0000   0.0000   0.0000   0.0000   0.0000   0.0000   0.0000 
  0.0000   0.0000   0.0000   0.0000   2.1515  -2.1515  -2.1515   2.1515  -2.1515  -2.1515   2.1515   2.1515   0.0000   0.0000   0.0000 
 -2.1515   2.1515   2.1515  -2.1515   0.0000   0.0000   0.0000   0.0000  -2.1515   2.1515  -2.1515   2.1515   0.0000   0.0000   0.0000 

Atom 154 (Fe): Coordinates (4.302943, 10.757358, 0.000000)
Nearest neighbours: 
       2       30       38       58       74       90       98      114      194      222      234      246        0        0        0 
Distances 
  3.0426   3.0426   3.0426   3.0426   3.0426   3.0426   3.0426   3.0426   3.0426   3.0426   3.0426   3.0426   0.0000   0.0000   0.0000 

Displacements 
  2.1515   2.1515  -2.1515  -2.1515  -2.1515   2.1515  -2.1515   2.1515   0.0000   0.0000   0.0000   0.0000   0.0000   0.0000   0.0000 
  0.0000   0.0000   0.0000   0.0000   2.1515  -2.1515  -2.1515   2.1515  -2.1515  -2.1515   2.1515   2.1515   0.0000   0.0000   0.0000 
 -2.1515   2.1515   2.1515  -2.1515   0.0000   0.0000   0.0000   0.0000  -2.1515   2.1515  -2.1515   2.1515   0.0000   0.0000   0.0000 

Atom 155 (Fe): Coordinates (12.908830, 10.757358, 0.000000)
Nearest neighbours: 
       3       31       39       59       75       91       99      115      195      223      235      247        0        0        0 
Distances 
  3.0426   3.0426   3.0426   3.0426   3.0426   3.0426   3.0426   3.0426   3.0426   3.0426   3.0426   3.0426   0.0000   0.0000   0.0000 

Displacements 
  2.1515   2.1515  -2.1515  -2.1515  -2.1515   2.1515  -2.1515   2.1515   0.0000   0.0000   0.0000   0.0000   0.0000   0.0000   0.0000 
  0.0000   0.0000   0.0000   0.0000   2.1515  -2.1515  -2.1515   2.1515  -2.1515  -2.1515   2.1515   2.1515   0.0000   0.0000   0.0000 
 -2.1515   2.1515   2.1515  -2.1515   0.0000   0.0000   0.0000   0.0000  -2.1515   2.1515  -2.1515   2.1515   0.0000   0.0000   0.0000 

Atom 156 (Fe): Coordinates (4.302943, 2.151472, 8.605886)
Nearest neighbours: 
       4       24       32       60       76       92      100      116      196      216      236      240        0        0        0 
Distances 
  3.0426   3.0426   3.0426   3.0426   3.0426   3.0426   3.0426   3.0426   3.0426   3.0426   3.0426   3.0426   0.0000   0.0000   0.0000 

Displacements 
  2.1515   2.1515  -2.1515  -2.1515  -2.1515   2.1515  -2.1515   2.1515   0.0000   0.0000   0.0000   0.0000   0.0000   0.0000   0.0000 
  0.0000   0.0000   0.0000   0.0000   2.1515  -2.1515  -2.1515   2.1515  -2.1515  -2.1515   2.1515   2.1515   0.0000   0.0000   0.0000 
 -2.1515   2.1515   2.1515  -2.1515   0.0000   0.0000   0.0000   0.0000  -2.1515   2.1515  -2.1515   2.1515   0.0000   0.0000   0.0000 

Atom 157 (Fe): Coordinates (12.908830, 2.151472, 8.605886)
Nearest neighbours: 
       5       25       33       61       77       93      101      117      197      217      237      241        0        0        0 
Distances 
  3.0426   3.0426   3.0426   3.0426   3.0426   3.0426   3.0426   3.0426   3.0426   3.0426   3.0426   3.0426   0.0000   0.0000   0.0000 

Displacements 
  2.1515   2.1515  -2.1515  -2.1515  -2.1515   2.1515  -2.1515   2.1515   0.0000   0.0000   0.0000   0.0000   0.0000   0.0000   0.0000 
  0.0000   0.0000   0.0000   0.0000   2.1515  -2.1515  -2.1515   2.1515  -2.1515  -2.1515   2.1515   2.1515   0.0000   0.0000   0.0000 
 -2.1515   2.1515   2.1515  -2.1515   0.0000   0.0000   0.0000   0.0000  -2.1515   2.1515  -2.1515   2.1515   0.0000   0.0000   0.0000 

Atom 158 (Fe): Coordinates (4.302943, 10.757358, 8.605886)
Nearest neighbours: 
       6       26       34       62       78       94      102      118      198      218      238      242        0        0        0 
Distances 
  3.0426   3.0426   3.0426   3.0426   3.0426   3.0426   3.0426   3.0426   3.0426   3.0426   3.0426   3.0426   0.0000   0.0000   0.0000 

Displacements 
  2.1515   2.1515  -2.1515  -2.1515  -2.1515   2.1515  -2.1515   2.1515   0.0000   0.0000   0.0000   0.0000   0.0000   0.0000   0.0000 
  0.0000   0.0000   0.0000   0.0000   2.1515  -2.1515  -2.1515   2.1515  -2.1515  -2.1515   2.1515   2.1515   0.0000   0.0000   0.0000 
 -2.1515   2.1515   2.1515  -2.1515   0.0000   0.0000   0.0000   0.0000  -2.1515   2.1515  -2.1515   2.1515   0.0000   0.0000   0.0000 

Atom 159 (Fe): Coordinates (12.908830, 10.757358, 8.605886)
Nearest neighbours: 
       7       27       35       63       79       95      103      119      199      219      239      243        0        0        0 
Distances 
  3.0426   3.0426   3.0426   3.0426   3.0426   3.0426   3.0426   3.0426   3.0426   3.0426   3.0426   3.0426   0.0000   0.0000   0.0000 

Displacements 
  2.1515   2.1515  -2.1515  -2.1515  -2.1515   2.1515  -2.1515   2.1515   0.0000   0.0000   0.0000   0.0000   0.0000   0.0000   0.0000 
  0.0000   0.0000   0.0000   0.0000   2.1515  -2.1515  -2.1515   2.1515  -2.1515  -2.1515   2.1515   2.1515   0.0000   0.0000   0.0000 
 -2.1515   2.1515   2.1515  -2.1515   0.0000   0.0000   0.0000   0.0000  -2.1515   2.1515  -2.1515   2.1515   0.0000   0.0000   0.0000 

Atom 160 (Fe): Coordinates (0.000000, 2.151472, 0.000000)
Nearest neighbours: 
       0       28       37       57       73       88       97      112      204      208      228      248        0        0        0 
Distances 
  3.0426   3.0426   3.0426   3.0426   3.0426   3.0426   3.0426   3.0426   3.0426   3.0426   3.0426   3.0426   0.0000   0.0000   0.0000 

Displacements 
 -2.1515  -2.1515   2.1515   2.1515   2.1515  -2.1515   2.1515  -2.1515   0.0000   0.0000   0.0000   0.0000   0.0000   0.0000   0.0000 
  0.0000   0.0000   0.0000   0.0000   2.1515  -2.1515  -2.1515   2.1515   2.1515   2.1515  -2.1515  -2.1515   0.0000   0.0000   0.0000 
 -2.1515   2.1515   2.1515  -2.1515   0.0000   0.0000   0.0000   0.0000   2.1515  -2.1515   2.1515  -2.1515   0.0000   0.0000   0.0000 

Atom 161 (Fe): Coordinates (8.605886, 2.151472, 0.000000)
Nearest neighbours: 
       1       29       36       56       72       89       96      113      205      209      229      249        0        0        0 
Distances 
  3.0426   3.0426   3.0426   3.0426   3.0426   3.0426   3.0426   3.0426   3.0426   3.0426   3.0426   3.0426   0.0000   0.0000   0.0000 

Displacements 
 -2.1515  -2.1515   2.1515   2.1515   2.1515  -2.1515   2.1515  -2.1515   0.0000   0.0000   0.0000   0.0000   0.0000   0.0000   0.0000 
  0.0000   0.0000   0.0000   0.0000   2.1515  -2.1515  -2.1515   2.1515   2.1515   2.1515  -2.1515  -2.1515   0.0000   0.0000   0.0000 
 -2.1515   2.1515   2.1515  -2.1515   0.0000   0.0000   0.0000   0.0000   2.1515  -2.1515   2.1515  -2.1515   0.0000   0.0000   0.0000 

Atom 162 (Fe): Coordinates (0.000000, 10.757358, 0.000000)
Nearest neighbours: 
       2       30       39       59       75       90       99      114      206      210      230      250        0        0        0 
Distances 
  3.0426   3.0426   3.0426   3.0426   3.0426   3.0426   3.0426   3.0426   3.0426   3.0426   3.0426   3.0426   0.0000   0.0000   0.0000 

Displacements 
 -2.1515  -2.1515   2.1515   2.1515   2.1515  -2.1515   2.1515  -2.1515   0.0000   0.0000   0.0000   0.0000   0.0000   0.0000   0.0000 
  0.0000   0.0000   0.0000   0.0000   2.1515  -2.1515  -2.1515   2.1515   2.1515   2.1515  -2.1515  -2.1515   0.0000   0.0000   0.0000 
 -2.1515   2.1515   2.1515  -2.1515   0.0000   0.0000   0.0000   0.0000   2.1515  -2.1515   2.1515  -2.1515   0.0000   0.0000   0.0000 

Atom 163 (Fe): Coordinates (8.605886, 10.757358, 0.000000)
Nearest neighbours: 
       3       31       38       58       74       91       98      115      207      211      231      251        0        0        0 
Distances 
  3.0426   3.0426   3.0426   3.0426   3.0426   3.0426   3.0426   3.0426   3.0426   3.0426   3.0426   3.0426   0.0000   0.0000   0.0000 

Displacements 
 -2.1515  -2.1515   2.1515   2.1515   2.1515  -2.1515   2.1515  -2.1515   0.0000   0.0000   0.0000   0.0000   0.0000   0.0000   0.0000 
  0.0000   0.0000   0.0000   0.0000   2.1515  -2.1515  -2.1515   2.1515   2.1515   2.1515  -2.1515  -2.1515   0.0000   0.0000   0.0000 
 -2.1515   2.1515   2.1515  -2.1515   0.0000   0.0000   0.0000   0.0000   2.1515  -2.1515   2.1515  -2.1515   0.0000   0.0000   0.0000 

Atom 164 (Fe): Coordinates (0.000000, 2.151472, 8.605886)
Nearest neighbours: 
       4       24       33       61       77       92      101      116      200      212      224      252        0        0        0 
Distances 
  3.0426   3.0426   3.0426   3.0426   3.0426   3.0426   3.0426   3.0426   3.0426   3.0426   3.0426   3.0426   0.0000   0.0000   0.0000 

Displacements 
 -2.1515  -2.1515   2.1515   2.1515   2.1515  -2.1515   2.1515  -2.1515   0.0000   0.0000   0.0000   0.0000   0.0000   0.0000   0.0000 
  0.0000   0.0000   0.0000   0.0000   2.1515  -2.1515  -2.1515   2.1515   2.1515   2.1515  -2.1515  -2.1515   0.0000   0.0000   0.0000 
 -2.1515   2.1515   2.1515  -2.1515   0.0000   0.0000   0.0000   0.0000   2.1515  -2.1515   2.1515  -2.1515   0.0000   0.0000   0.0000 

Atom 165 (Fe): Coordinates (8.605886, 2.151472, 8.605886)
Nearest neighbours: 
       5       25       32       60       76       93      100      117      201      213      225      253        0        0        0 
Distances 
  3.0426   3.0426   3.0426   3.0426   3.0426   3.0426   3.0426   3.0426   3.0426   3.0426   3.0426   3.0426   0.0000   0.0000   0.0000 

Displacements 
 -2.1515  -2.1515   2.1515   2.1515   2.1515  -2.1515   2.1515  -2.1515   0.0000   0.0000   0.0000   0.0000   0.0000   0.0000   0.0000 
  0.0000   0.0000   0.0000   0.0000   2.1515  -2.1515  -2.1515   2.1515   2.1515   2.1515  -2.1515  -2.1515   0.0000   0.0000   0.0000 
 -2.1515   2.1515   2.1515  -2.1515   0.0000   0.0000   0.0000   0.0000   2.1515  -2.1515   2.1515  -2.1515   0.0000   0.0000   0.0000 

Atom 166 (Fe): Coordinates (0.000000, 10.757358, 8.605886)
Nearest neighbours: 
       6       26       35       63       79       94      103      118      202      214      226      254        0        0        0 
Distances 
  3.0426   3.0426   3.0426   3.0426   3.0426   3.0426   3.0426   3.0426   3.0426   3.0426   3.0426   3.0426   0.0000   0.0000   0.0000 

Displacements 
 -2.1515  -2.1515   2.1515   2.1515   2.1515  -2.1515   2.1515  -2.1515   0.0000   0.0000   0.0000   0.0000   0.0000   0.0000   0.0000 
  0.0000   0.0000   0.0000   0.0000   2.1515  -2.1515  -2.1515   2.1515   2.1515   2.1515  -2.1515  -2.1515   0.0000   0.0000   0.0000 
 -2.1515   2.1515   2.1515  -2.1515   0.0000   0.0000   0.0000   0.0000   2.1515  -2.1515   2.1515  -2.1515   0.0000   0.0000   0.0000 

Atom 167 (Fe): Coordinates (8.605886, 10.757358, 8.605886)
Nearest neighbours: 
       7       27       34       62       78       95      102      119      203      215      227      255        0        0        0 
Distances 
  3.0426   3.0426   3.0426   3.0426   3.0426   3.0426   3.0426   3.0426   3.0426   3.0426   3.0426   3.0426   0.0000   0.0000   0.0000 

Displacements 
 -2.1515  -2.1515   2.1515   2.1515   2.1515  -2.1515   2.1515  -2.1515   0.0000   0.0000   0.0000   0.0000   0.0000   0.0000   0.0000 
  0.0000   0.0000   0.0000   0.0000   2.1515  -2.1515  -2.1515   2.1515   2.1515   2.1515  -2.1515  -2.1515   0.0000   0.0000   0.0000 
 -2.1515   2.1515   2.1515  -2.1515   0.0000   0.0000   0.0000   0.0000   2.1515  -2.1515   2.1515  -2.1515   0.0000   0.0000   0.0000 

Atom 168 (Fe): Coordinates (4.302943, 6.454415, 4.302943)
Nearest neighbours: 
       8       16       40       48       64       82      106      120      192      216      234      242        0        0        0 
Distances 
  3.0426   3.0426   3.0426   3.0426   3.0426   3.0426   3.0426   3.0426   3.0426   3.0426   3.0426   3.0426   0.0000   0.0000   0.0000 

Displacements 
 -2.1515  -2.1515   2.1515   2.1515   2.1515  -2.1515   2.1515  -2.1515   0.0000   0.0000   0.0000   0.0000   0.0000   0.0000   0.0000 
  0.0000   0.0000   0.0000   0.0000   2.1515  -2.1515  -2.1515   2.1515   2.1515   2.1515  -2.1515  -2.1515   0.0000   0.0000   0.0000 
 -2.1515   2.1515   2.1515  -2.1515   0.0000   0.0000   0.0000   0.0000   2.1515  -2.1515   2.1515  -2.1515   0.0000   0.0000   0.0000 

Atom 169 (Fe): Coordinates (12.908830, 6.454415, 4.302943)
Nearest neighbours: 
       9       17       41       49       65       83      107      121      193      217      235      243        0        0        0 
Distances 
  3.0426   3.0426   3.0426   3.0426   3.0426   3.0426   3.0426   3.0426   3.0426   3.0426   3.0426   3.0426   0.0000   0.0000   0.0000 

Displacements 
 -2.1515  -2.1515   2.1515   2.1515   2.1515  -2.1515   2.1515  -2.1515   0.0000   0.0000   0.0000   0.0000   0.0000   0.0000   0.0000 
  0.0000   0.0000   0.0000   0.0000   2.1515  -2.1515  -2.1515   2.1515   2.1515   2.1515  -2.1515  -2.1515   0.0000   0.0000   0.0000 
 -2.1515   2.1515   2.1515  -2.1515   0.0000   0.0000   0.0000   0.0000   2.1515  -2.1515   2.1515  -2.1515   0.0000   0.0000   0.0000 

Atom 170 (Fe): Coordinates (4.302943, 15.060301, 4.302943)
Nearest neighbours: 
      10       18       42       50       66       80      104      122      194      218      232      240        0        0        0 
Distances 
  3.0426   3.0426   3.0426   3.0426   3.0426   3.0426   3.0426   3.0426   3.0426   3.0426   3.0426   3.0426   0.0000   0.0000   0.0000 

Displacements 
 -2.1515  -2.1515   2.1515   2.1515   2.1515  -2.1515   2.1515  -2.1515   0.0000   0.0000   0.0000   0.0000   0.0000   0.0000   0.0000 
  0.0000   0.0000   0.0000   0.0000   2.1515  -2.1515  -2.1515   2.1515   2.1515   2.1515  -2.1515  -2.1515   0.0000   0.0000   0.0000 
 -2.1515   2.1515   2.1515  -2.1515   0.0000   0.0000   0.0000   0.0000   2.1515  -2.1515   2.1515  -2.1515   0.0000   0.0000   0.0000 

Atom 171 (Fe): Coordinates (12.908830, 15.060301, 4.302943)
Nearest neighbours: 
      11       19       43       51       67       81      105      123      195      219      233      241        0        0        0 
Distances 
  3.0426   3.0426   3.0426   3.0426   3.0426   3.0426   3.0426   3.0426   3.0426   3.0426   3.0426   3.0426   0.0000   0.0000   0.0000 

Displacements 
 -2.1515  -2.1515   2.1515   2.1515   2.1515  -2.1515   2.1515  -2.1515   0.0000   0.0000   0.0000   0.0000   0.0000   0.0000   0.0000 
  0.0000   0.0000   0.0000   0.0000   2.1515  -2.1515  -2.1515   2.1515   2.1515   2.1515  -2.1515  -2.1515   0.0000   0.0000   0.0000 
 -2.1515   2.1515   2.1515  -2.1515   0.0000   0.0000   0.0000   0.0000   2.1515  -2.1515   2.1515  -2.1515   0.0000   0.0000   0.0000 

Atom 172 (Fe): Coordinates (4.302943, 6.454415, 12.908830)
Nearest neighbours: 
      12       20       44       52       68       86      110      124      196      220      238      246        0        0        0 
Distances 
  3.0426   3.0426   3.0426   3.0426   3.0426   3.0426   3.0426   3.0426   3.0426   3.0426   3.0426   3.0426   0.0000   0.0000   0.0000 

Displacements 
 -2.1515  -2.1515   2.1515   2.1515   2.1515  -2.1515   2.1515  -2.1515   0.0000   0.0000   0.0000   0.0000   0.0000   0.0000   0.0000 
  0.0000   0.0000   0.0000   0.0000   2.1515  -2.1515  -2.1515   2.1515   2.1515   2.1515  -2.1515  -2.1515   0.0000   0.0000   0.0000 
 -2.1515   2.1515   2.1515  -2.1515   0.0000   0.0000   0.0000   0.0000   2.1515  -2.1515   2.1515  -2.1515   0.0000   0.0000   0.0000 

Atom 173 (Fe): Coordinates (12.908830, 6.454415, 12.908830)
Nearest neighbours: 
      13       21       45       53       69       87      111      125      197      221      239      247        0        0        0 
Distances 
  3.0426   3.0426   3.0426   3.0426   3.0426   3.0426   3.0426   3.0426   3.0426   3.0426   3.0426   3.0426   0.0000   0.0000   0.0000 

Displacements 
 -2.1515  -2.1515   2.1515   2.1515   2.1515  -2.1515   2.1515  -2.1515   0.0000   0.0000   0.0000   0.0000   0.0000   0.0000   0.0000 
  0.0000   0.0000   0.0000   0.0000   2.1515  -2.1515  -2.1515   2.1515   2.1515   2.1515  -2.1515  -2.1515   0.0000   0.0000   0.0000 
 -2.1515   2.1515   2.1515  -2.1515   0.0000   0.0000   0.0000   0.0000   2.1515  -2.1515   2.1515  -2.1515   0.0000   0.0000   0.0000 

Atom 174 (Fe): Coordinates (4.302943, 15.060301, 12.908830)
Nearest neighbours: 
      14       22       46       54       70       84      108      126      198      222      236      244        0        0        0 
Distances 
  3.0426   3.0426   3.0426   3.0426   3.0426   3.0426   3.0426   3.0426   3.0426   3.0426   3.0426   3.0426   0.0000   0.0000   0.0000 

Displacements 
 -2.1515  -2.1515   2.1515   2.1515   2.1515  -2.1515   2.1515  -2.1515   0.0000   0.0000   0.0000   0.0000   0.0000   0.0000   0.0000 
  0.0000   0.0000   0.0000   0.0000   2.1515  -2.1515  -2.1515   2.1515   2.1515   2.1515  -2.1515  -2.1515   0.0000   0.0000   0.0000 
 -2.1515   2.1515   2.1515  -2.1515   0.0000   0.0000   0.0000   0.0000   2.1515  -2.1515   2.1515  -2.1515   0.0000   0.0000   0.0000 

Atom 175 (Fe): Coordinates (12.908830, 15.060301, 12.908830)
Nearest neighbours: 
      15       23       47       55       71       85      109      127      199      223      237      245        0        0        0 
Distances 
  3.0426   3.0426   3.0426   3.0426   3.0426   3.0426   3.0426   3.0426   3.0426   3.0426   3.0426   3.0426   0.0000   0.0000   0.0000 

Displacements 
 -2.1515  -2.1515   2.1515   2.1515   2.1515  -2.1515   2.1515  -2.1515   0.0000   0.0000   0.0000   0.0000   0.0000   0.0000   0.0000 
  0.0000   0.0000   0.0000   0.0000   2.1515  -2.1515  -2.1515   2.1515   2.1515   2.1515  -2.1515  -2.1515   0.0000   0.0000   0.0000 
 -2.1515   2.1515   2.1515  -2.1515   0.0000   0.0000   0.0000   0.0000   2.1515  -2.1515   2.1515  -2.1515   0.0000   0.0000   0.0000 

Atom 176 (Fe): Coordinates (4.302943, 6.454415, 0.000000)
Nearest neighbours: 
      12       16       40       52       74       88       96      114      192      220      234      246        0        0        0 
Distances 
  3.0426   3.0426   3.0426   3.0426   3.0426   3.0426   3.0426   3.0426   3.0426   3.0426   3.0426   3.0426   0.0000   0.0000   0.0000 

Displacements 
 -2.1515  -2.1515   2.1515   2.1515  -2.1515   2.1515  -2.1515   2.1515   0.0000   0.0000   0.0000   0.0000   0.0000   0.0000   0.0000 
  0.0000   0.0000   0.0000   0.0000  -2.1515   2.1515   2.1515  -2.1515   2.1515   2.1515  -2.1515  -2.1515   0.0000   0.0000   0.0000 
  2.1515  -2.1515  -2.1515   2.1515   0.0000   0.0000   0.0000   0.0000  -2.1515   2.1515  -2.1515   2.1515   0.0000   0.0000   0.0000 

Atom 177 (Fe): Coordinates (12.908830, 6.454415, 0.000000)
Nearest neighbours: 
      13       17       41       53       75       89       97      115      193      221      235      247        0        0        0 
Distances 
  3.0426   3.0426   3.0426   3.0426   3.0426   3.0426   3.0426   3.0426   3.0426   3.0426   3.0426   3.0426   0.0000   0.0000   0.0000 

Displacements 
 -2.1515  -2.1515   2.1515   2.1515  -2.1515   2.1515  -2.1515   2.1515   0.0000   0.0000   0.0000   0.0000   0.0000   0.0000   0.0000 
  0.0000   0.0000   0.0000   0.0000  -2.1515   2.1515   2.1515  -2.1515   2.1515   2.1515  -2.1515  -2.1515   0.0000   0.0000   0.0000 
  2.1515  -2.1515  -2.1515   2.1515   0.0000   0.0000   0.0000   0.0000  -2.1515   2.1515  -2.1515   2.1515   0.0000   0.0000   0.0000 

Atom 178 (Fe): Coordinates (4.302943, 15.060301, 0.000000)
Nearest neighbours: 
      14       18       42       54       72       90       98      112      194      222      232      244        0        0        0 
Distances 
  3.0426   3.0426   3.0426   3.0426   3.0426   3.0426   3.0426   3.0426   3.0426   3.0426   3.0426   3.0426   0.0000   0.0000   0.0000 

Displacements 
 -2.1515  -2.1515   2.1515   2.1515  -2.1515   2.1515  -2.1515   2.1515   0.0000   0.0000   0.0000   0.0000   0.0000   0.0000   0.0000 
  0.0000   0.0000   0.0000   0.0000  -2.1515   2.1515   2.1515  -2.1515   2.1515   2.1515  -2.1515  -2.1515   0.0000   0.0000   0.0000 
  2.1515  -2.1515  -2.1515   2.1515   0.0000   0.0000   0.0000   0.0000  -2.1515   2.1515  -2.1515   2.1515   0.0000   0.0000   0.0000 

Atom 179 (Fe): Coordinates (12.908830, 15.060301, 0.000000)
Nearest neighbours: 
      15       19       43       55       73       91       99      113      195      223      233      245        0        0        0 
Distances 
  3.0426   3.0426   3.0426   3.0426   3.0426   3.0426   3.0426   3.0426   3.0426   3.0426   3.0426   3.0426   0.0000   0.0000   0.0000 

Displacements 
 -2.1515  -2.1515   2.1515   2.1515  -2.1515   2.1515  -2.1515   2.1515   0.0000   0.0000   0.0000   0.0000   0.0000   0.0000   0.0000 
  0.0000   0.0000   0.0000   0.0000  -2.1515   2.1515   2.1515  -2.1515   2.1515   2.1515  -2.1515  -2.1515   0.0000   0.0000   0.0000 
  2.1515  -2.1515  -2.1515   2.1515   0.0000   0.0000   0.0000   0.0000  -2.1515   2.1515  -2.1515   2.1515   0.0000   0.0000   0.0000 

Atom 180 (Fe): Coordinates (4.302943, 6.454415, 8.605886)
Nearest neighbours: 
       8       20       44       48       78       92      100      118      196      216      238      242        0        0        0 
Distances 
  3.0426   3.0426   3.0426   3.0426   3.0426   3.0426   3.0426   3.0426   3.0426   3.0426   3.0426   3.0426   0.0000   0.0000   0.0000 

Displacements 
 -2.1515  -2.1515   2.1515   2.1515  -2.1515   2.1515  -2.1515   2.1515   0.0000   0.0000   0.0000   0.0000   0.0000   0.0000   0.0000 
  0.0000   0.0000   0.0000   0.0000  -2.1515   2.1515   2.1515  -2.1515   2.1515   2.1515  -2.1515  -2.1515   0.0000   0.0000   0.0000 
  2.1515  -2.1515  -2.1515   2.1515   0.0000   0.0000   0.0000   0.0000  -2.1515   2.1515  -2.1515   2.1515   0.0000   0.0000   0.0000 

Atom 181 (Fe): Coordinates (12.908830, 6.454415, 8.605886)
Nearest neighbours: 
       9       21       45       49       79       93      101      119      197      217      239      243        0        0        0 
Distances 
  3.0426   3.0426   3.0426   3.0426   3.0426   3.0426   3.0426   3.0426   3.0426   3.0426   3.0426   3.0426   0.0000   0.0000   0.0000 

Displacements 
 -2.1515  -2.1515   2.1515   2.1515  -2.1515   2.1515  -2.1515   2.1515   0.0000   0.0000   0.0000   0.0000   0.0000   0.0000   0.0000 
  0.0000   0.0000   0.0000   0.0000  -2.1515   2.1515   2.1515  -2.1515   2.1515   2.1515  -2.1515  -2.1515   0.0000   0.0000   0.0000 
  2.1515  -2.1515  -2.1515   2.1515   0.0000   0.0000   0.0000   0.0000  -2.1515   2.1515  -2.1515   2.1515   0.0000   0.0000   0.0000 

Atom 182 (Fe): Coordinates (4.302943, 15.060301, 8.605886)
Nearest neighbours: 
      10       22       46       50       76       94      102      116      198      218      236      240        0        0        0 
Distances 
  3.0426   3.0426   3.0426   3.0426   3.0426   3.0426   3.0426   3.0426   3.0426   3.0426   3.0426   3.0426   0.0000   0.0000   0.0000 

Displacements 
 -2.1515  -2.1515   2.1515   2.1515  -2.1515   2.1515  -2.1515   2.1515   0.0000   0.0000   0.0000   0.0000   0.0000   0.0000   0.0000 
  0.0000   0.0000   0.0000   0.0000  -2.1515   2.1515   2.1515  -2.1515   2.1515   2.1515  -2.1515  -2.1515   0.0000   0.0000   0.0000 
  2.1515  -2.1515  -2.1515   2.1515   0.0000   0.0000   0.0000   0.0000  -2.1515   2.1515  -2.1515   2.1515   0.0000   0.0000   0.0000 

Atom 183 (Fe): Coordinates (12.908830, 15.060301, 8.605886)
Nearest neighbours: 
      11       23       47       51       77       95      103      117      199      219      237      241        0        0        0 
Distances 
  3.0426   3.0426   3.0426   3.0426   3.0426   3.0426   3.0426   3.0426   3.0426   3.0426   3.0426   3.0426   0.0000   0.0000   0.0000 

Displacements 
 -2.1515  -2.1515   2.1515   2.1515  -2.1515   2.1515  -2.1515   2.1515   0.0000   0.0000   0.0000   0.0000   0.0000   0.0000   0.0000 
  0.0000   0.0000   0.0000   0.0000  -2.1515   2.1515   2.1515  -2.1515   2.1515   2.1515  -2.1515  -2.1515   0.0000   0.0000   0.0000 
  2.1515  -2.1515  -2.1515   2.1515   0.0000   0.0000   0.0000   0.0000  -2.1515   2.1515  -2.1515   2.1515   0.0000   0.0000   0.0000 

Atom 184 (Fe): Coordinates (0.000000, 2.151472, 4.302943)
Nearest neighbours: 
       0       24       33       57       64       81      104      121      200      208      224      248        0        0        0 
Distances 
  3.0426   3.0426   3.0426   3.0426   3.0426   3.0426   3.0426   3.0426   3.0426   3.0426   3.0426   3.0426   0.0000   0.0000   0.0000 

Displacements 
 -2.1515  -2.1515   2.1515   2.1515  -2.1515   2.1515  -2.1515   2.1515   0.0000   0.0000   0.0000   0.0000   0.0000   0.0000   0.0000 
  0.0000   0.0000   0.0000   0.0000  -2.1515   2.1515   2.1515  -2.1515   2.1515   2.1515  -2.1515  -2.1515   0.0000   0.0000   0.0000 
  2.1515  -2.1515  -2.1515   2.1515   0.0000   0.0000   0.0000   0.0000  -2.1515   2.1515  -2.1515   2.1515   0.0000   0.0000   0.0000 

Atom 185 (Fe): Coordinates (8.605886, 2.151472, 4.302943)
Nearest neighbours: 
       1       25       32       56       65       80      105      120      201      209      225      249        0        0        0 
Distances 
  3.0426   3.0426   3.0426   3.0426   3.0426   3.0426   3.0426   3.0426   3.0426   3.0426   3.0426   3.0426   0.0000   0.0000   0.0000 

Displacements 
 -2.1515  -2.1515   2.1515   2.1515  -2.1515   2.1515  -2.1515   2.1515   0.0000   0.0000   0.0000   0.0000   0.0000   0.0000   0.0000 
  0.0000   0.0000   0.0000   0.0000  -2.1515   2.1515   2.1515  -2.1515   2.1515   2.1515  -2.1515  -2.1515   0.0000   0.0000   0.0000 
  2.1515  -2.1515  -2.1515   2.1515   0.0000   0.0000   0.0000   0.0000  -2.1515   2.1515  -2.1515   2.1515   0.0000   0.0000   0.0000 

Atom 186 (Fe): Coordinates (0.000000, 10.757358, 4.302943)
Nearest neighbours: 
       2       26       35       59       66       83      106      123      202      210      226      250        0        0        0 
Distances 
  3.0426   3.0426   3.0426   3.0426   3.0426   3.0426   3.0426   3.0426   3.0426   3.0426   3.0426   3.0426   0.0000   0.0000   0.0000 

Displacements 
 -2.1515  -2.1515   2.1515   2.1515  -2.1515   2.1515  -2.1515   2.1515   0.0000   0.0000   0.0000   0.0000   0.0000   0.0000   0.0000 
  0.0000   0.0000   0.0000   0.0000  -2.1515   2.1515   2.1515  -2.1515   2.1515   2.1515  -2.1515  -2.1515   0.0000   0.0000   0.0000 
  2.1515  -2.1515  -2.1515   2.1515   0.0000   0.0000   0.0000   0.0000  -2.1515   2.1515  -2.1515   2.1515   0.0000   0.0000   0.0000 

Atom 187 (Fe): Coordinates (8.605886, 10.757358, 4.302943)
Nearest neighbours: 
       3       27       34       58       67       82      107      122      203      211      227      251        0        0        0 
Distances 
  3.0426   3.0426   3.0426   3.0426   3.0426   3.0426   3.0426   3.0426   3.0426   3.0426   3.0426   3.0426   0.0000   0.0000   0.0000 

Displacements 
 -2.1515  -2.1515   2.1515   2.1515  -2.1515   2.1515  -2.1515   2.1515   0.0000   0.0000   0.0000   0.0000   0.0000   0.0000   0.0000 
  0.0000   0.0000   0.0000   0.0000  -2.1515   2.1515   2.1515  -2.1515   2.1515   2.1515  -2.1515  -2.1515   0.0000   0.0000   0.0000 
  2.1515  -2.1515  -2.1515   2.1515   0.0000   0.0000   0.0000   0.0000  -2.1515   2.1515  -2.1515   2.1515   0.0000   0.0000   0.0000 

Atom 188 (Fe): Coordinates (0.000000, 2.151472, 12.908830)
Nearest neighbours: 
       4       28       37       61       68       85      108      125      204      212      228      252        0        0        0 
Distances 
  3.0426   3.0426   3.0426   3.0426   3.0426   3.0426   3.0426   3.0426   3.0426   3.0426   3.0426   3.0426   0.0000   0.0000   0.0000 

Displacements 
 -2.1515  -2.1515   2.1515   2.1515  -2.1515   2.1515  -2.1515   2.1515   0.0000   0.0000   0.0000   0.0000   0.0000   0.0000   0.0000 
  0.0000   0.0000   0.0000   0.0000  -2.1515   2.1515   2.1515  -2.1515   2.1515   2.1515  -2.1515  -2.1515   0.0000   0.0000   0.0000 
  2.1515  -2.1515  -2.1515   2.1515   0.0000   0.0000   0.0000   0.0000  -2.1515   2.1515  -2.1515   2.1515   0.0000   0.0000   0.0000 

Atom 189 (Fe): Coordinates (8.605886, 2.151472, 12.908830)
Nearest neighbours: 
       5       29       36       60       69       84      109      124      205      213      229      253        0        0        0 
Distances 
  3.0426   3.0426   3.0426   3.0426   3.0426   3.0426   3.0426   3.0426   3.0426   3.0426   3.0426   3.0426   0.0000   0.0000   0.0000 

Displacements 
 -2.1515  -2.1515   2.1515   2.1515  -2.1515   2.1515  -2.1515   2.1515   0.0000   0.0000   0.0000   0.0000   0.0000   0.0000   0.0000 
  0.0000   0.0000   0.0000   0.0000  -2.1515   2.1515   2.1515  -2.1515   2.1515   2.1515  -2.1515  -2.1515   0.0000   0.0000   0.0000 
  2.1515  -2.1515  -2.1515   2.1515   0.0000   0.0000   0.0000   0.0000  -2.1515   2.1515  -2.1515   2.1515   0.0000   0.0000   0.0000 

Atom 190 (Fe): Coordinates (0.000000, 10.757358, 12.908830)
Nearest neighbours: 
       6       30       39       63       70       87      110      127      206      214      230      254        0        0        0 
Distances 
  3.0426   3.0426   3.0426   3.0426   3.0426   3.0426   3.0426   3.0426   3.0426   3.0426   3.0426   3.0426   0.0000   0.0000   0.0000 

Displacements 
 -2.1515  -2.1515   2.1515   2.1515  -2.1515   2.1515  -2.1515   2.1515   0.0000   0.0000   0.0000   0.0000   0.0000   0.0000   0.0000 
  0.0000   0.0000   0.0000   0.0000  -2.1515   2.1515   2.1515  -2.1515   2.1515   2.1515  -2.1515  -2.1515   0.0000   0.0000   0.0000 
  2.1515  -2.1515  -2.1515   2.1515   0.0000   0.0000   0.0000   0.0000  -2.1515   2.1515  -2.1515   2.1515   0.0000   0.0000   0.0000 

Atom 191 (Fe): Coordinates (8.605886, 10.757358, 12.908830)
Nearest neighbours: 
       7       31       38       62       71       86      111      126      207      215      231      255        0        0        0 
Distances 
  3.0426   3.0426   3.0426   3.0426   3.0426   3.0426   3.0426   3.0426   3.0426   3.0426   3.0426   3.0426   0.0000   0.0000   0.0000 

Displacements 
 -2.1515  -2.1515   2.1515   2.1515  -2.1515   2.1515  -2.1515   2.1515   0.0000   0.0000   0.0000   0.0000   0.0000   0.0000   0.0000 
  0.0000   0.0000   0.0000   0.0000  -2.1515   2.1515   2.1515  -2.1515   2.1515   2.1515  -2.1515  -2.1515   0.0000   0.0000   0.0000 
  2.1515  -2.1515  -2.1515   2.1515   0.0000   0.0000   0.0000   0.0000  -2.1515   2.1515  -2.1515   2.1515   0.0000   0.0000   0.0000 

Atom 192 (Fe): Coordinates (4.302943, 4.302943, 2.151472)
Nearest neighbours: 
       0       16       40       56       64       88       96      120      128      152      168      176        0        0        0 
Distances 
  3.0426   3.0426   3.0426   3.0426   3.0426   3.0426   3.0426   3.0426   3.0426   3.0426   3.0426   3.0426   0.0000   0.0000   0.0000 

Displacements 
  2.1515  -2.1515   2.1515  -2.1515   2.1515   2.1515  -2.1515  -2.1515   0.0000   0.0000   0.0000   0.0000   0.0000   0.0000   0.0000 
  2.1515  -2.1515  -2.1515   2.1515   0.0000   0.0000   0.0000   0.0000   2.1515   2.1515  -2.1515  -2.1515   0.0000   0.0000   0.0000 
  0.0000   0.0000   0.0000   0.0000  -2.1515   2.1515   2.1515  -2.1515  -2.1515   2.1515  -2.1515   2.1515   0.0000   0.0000   0.0000 

Atom 193 (Fe): Coordinates (12.908830, 4.302943, 2.151472)
Nearest neighbours: 
       1       17       41       57       65       89       97      121      129      153      169      177        0        0        0 
Distances 
  3.0426   3.0426   3.0426   3.0426   3.0426   3.0426   3.0426   3.0426   3.0426   3.0426   3.0426   3.0426   0.0000   0.0000   0.0000 

Displacements 
  2.1515  -2.1515   2.1515  -2.1515   2.1515   2.1515  -2.1515  -2.1515   0.0000   0.0000   0.0000   0.0000   0.0000   0.0000   0.0000 
  2.1515  -2.1515  -2.1515   2.1515   0.0000   0.0000   0.0000   0.0000   2.1515   2.1515  -2.1515  -2.1515   0.0000   0.0000   0.0000 
  0.0000   0.0000   0.0000   0.0000  -2.1515   2.1515   2.1515  -2.1515  -2.1515   2.1515  -2.1515   2.1515   0.0000   0.0000   0.0000 

Atom 194 (Fe): Coordinates (4.302943, 12.908830, 2.151472)
Nearest neighbours: 
       2       18       42       58       66       90       98      122      130      154      170      178        0        0        0 
Distances 
  3.0426   3.0426   3.0426   3.0426   3.0426   3.0426   3.0426   3.0426   3.0426   3.0426   3.0426   3.0426   0.0000   0.0000   0.0000 

Displacements 
  2.1515  -2.1515   2.1515  -2.1515   2.1515   2.1515  -2.1515  -2.1515   0.0000   0.0000   0.0000   0.0000   0.0000   0.0000   0.0000 
  2.1515  -2.1515  -2.1515   2.1515   0.0000   0.0000   0.0000   0.0000   2.1515   2.1515  -2.1515  -2.1515   0.0000   0.0000   0.0000 
  0.0000   0.0000   0.0000   0.0000  -2.1515   2.1515   2.1515  -2.1515  -2.1515   2.1515  -2.1515   2.1515   0.0000   0.0000   0.0000 

Atom 195 (Fe): Coordinates (12.908830, 12.908830, 2.151472)
Nearest neighbours: 
       3       19       43       59       67       91       99      123      131      155      171      179        0        0        0 
Distances 
  3.0426   3.0426   3.0426   3.0426   3.0426   3.0426   3.0426   3.0426   3.0426   3.0426   3.0426   3.0426   0.0000   0.0000   0.0000 

Displacements 
  2.1515  -2.1515   2.1515  -2.1515   2.1515   2.1515  -2.1515  -2.1515   0.0000   0.0000   0.0000   0.0000   0.0000   0.0000   0.0000 
  2.1515  -2.1515  -2.1515   2.1515   0.0000   0.0000   0.0000   0.0000   2.1515   2.1515  -2.1515  -2.1515   0.0000   0.0000   0.0000 
  0.0000   0.0000   0.0000   0.0000  -2.1515   2.1515   2.1515  -2.1515  -2.1515   2.1515  -2.1515   2.1515   0.0000   0.0000   0.0000 

Atom 196 (Fe): Coordinates (4.302943, 4.302943, 10.757358)
Nearest neighbours: 
       4       20       44       60       68       92      100      124      132      156      172      180        0        0        0 
Distances 
  3.0426   3.0426   3.0426   3.0426   3.0426   3.0426   3.0426   3.0426   3.0426   3.0426   3.0426   3.0426   0.0000   0.0000   0.0000 

Displacements 
  2.1515  -2.1515   2.1515  -2.1515   2.1515   2.1515  -2.1515  -2.1515   0.0000   0.0000   0.0000   0.0000   0.0000   0.0000   0.0000 
  2.1515  -2.1515  -2.1515   2.1515   0.0000   0.0000   0.0000   0.0000   2.1515   2.1515  -2.1515  -2.1515   0.0000   0.0000   0.0000 
  0.0000   0.0000   0.0000   0.0000  -2.1515   2.1515   2.1515  -2.1515  -2.1515   2.1515  -2.1515   2.1515   0.0000   0.0000   0.0000 

Atom 197 (Fe): Coordinates (12.908830, 4.302943, 10.757358)
Nearest neighbours: 
       5       21       45       61       69       93      101      125      133      157      173      181        0        0        0 
Distances 
  3.0426   3.0426   3.0426   3.0426   3.0426   3.0426   3.0426   3.0426   3.0426   3.0426   3.0426   3.0426   0.0000   0.0000   0.0000 

Displacements 
  2.1515  -2.1515   2.1515  -2.1515   2.1515   2.1515  -2.1515  -2.1515   0.0000   0.0000   0.0000   0.0000   0.0000   0.0000   0.0000 
  2.1515  -2.1515  -2.1515   2.1515   0.0000   0.0000   0.0000   0.0000   2.1515   2.1515  -2.1515  -2.1515   0.0000   0.0000   0.0000 
  0.0000   0.0000   0.0000   0.0000  -2.1515   2.1515   2.1515  -2.1515  -2.1515   2.1515  -2.1515   2.1515   0.0000   0.0000   0.0000 

Atom 198 (Fe): Coordinates (4.302943, 12.908830, 10.757358)
Nearest neighbours: 
       6       22       46       62       70       94      102      126      134      158      174      182        0        0        0 
Distances 
  3.0426   3.0426   3.0426   3.0426   3.0426   3.0426   3.0426   3.0426   3.0426   3.0426   3.0426   3.0426   0.0000   0.0000   0.0000 

Displacements 
  2.1515  -2.1515   2.1515  -2.1515   2.1515   2.1515  -2.1515  -2.1515   0.0000   0.0000   0.0000   0.0000   0.0000   0.0000   0.0000 
  2.1515  -2.1515  -2.1515   2.1515   0.0000   0.0000   0.0000   0.0000   2.1515   2.1515  -2.1515  -2.1515   0.0000   0.0000   0.0000 
  0.0000   0.0000   0.0000   0.0000  -2.1515   2.1515   2.1515  -2.1515  -2.1515   2.1515  -2.1515   2.1515   0.0000   0.0000   0.0000 

Atom 199 (Fe): Coordinates (12.908830, 12.908830, 10.757358)
Nearest neighbours: 
       7       23       47       63       71       95      103      127      135      159      175      183        0        0        0 
Distances 
  3.0426   3.0426   3.0426   3.0426   3.0426   3.0426   3.0426   3.0426   3.0426   3.0426   3.0426   3.0426   0.0000   0.0000   0.0000 

Displacements 
  2.1515  -2.1515   2.1515  -2.1515   2.1515   2.1515  -2.1515  -2.1515   0.0000   0.0000   0.0000   0.0000   0.0000   0.0000   0.0000 
  2.1515  -2.1515  -2.1515   2.1515   0.0000   0.0000   0.0000   0.0000   2.1515   2.1515  -2.1515  -2.1515   0.0000   0.0000   0.0000 
  0.0000   0.0000   0.0000   0.0000  -2.1515   2.1515   2.1515  -2.1515  -2.1515   2.1515  -2.1515   2.1515   0.0000   0.0000   0.0000 

Atom 200 (Fe): Coordinates (0.000000, 0.000000, 6.454415)
Nearest neighbours: 
      11       24       33       50       77       81      104      116      142      146      164      184        0        0        0 
Distances 
  3.0426   3.0426   3.0426   3.0426   3.0426   3.0426   3.0426   3.0426   3.0426   3.0426   3.0426   3.0426   0.0000   0.0000   0.0000 

Displacements 
  2.1515  -2.1515   2.1515  -2.1515   2.1515   2.1515  -2.1515  -2.1515   0.0000   0.0000   0.0000   0.0000   0.0000   0.0000   0.0000 
  2.1515  -2.1515  -2.1515   2.1515   0.0000   0.0000   0.0000   0.0000   2.1515   2.1515  -2.1515  -2.1515   0.0000   0.0000   0.0000 
  0.0000   0.0000   0.0000   0.0000  -2.1515   2.1515   2.1515  -2.1515  -2.1515   2.1515  -2.1515   2.1515   0.0000   0.0000   0.0000 

Atom 201 (Fe): Coordinates (8.605886, 0.000000, 6.454415)
Nearest neighbours: 
      10       25       32       51       76       80      105      117      143      147      165      185        0        0        0 
Distances 
  3.0426   3.0426   3.0426   3.0426   3.0426   3.0426   3.0426   3.0426   3.0426   3.0426   3.0426   3.0426   0.0000   0.0000   0.0000 

Displacements 
  2.1515  -2.1515   2.1515  -2.1515   2.1515   2.1515  -2.1515  -2.1515   0.0000   0.0000   0.0000   0.0000   0.0000   0.0000   0.0000 
  2.1515  -2.1515  -2.1515   2.1515   0.0000   0.0000   0.0000   0.0000   2.1515   2.1515  -2.1515  -2.1515   0.0000   0.0000   0.0000 
  0.0000   0.0000   0.0000   0.0000  -2.1515   2.1515   2.1515  -2.1515  -2.1515   2.1515  -2.1515   2.1515   0.0000   0.0000   0.0000 

Atom 202 (Fe): Coordinates (0.000000, 8.605886, 6.454415)
Nearest neighbours: 
       9       26       35       48       79       83      106      118      140      144      166      186        0        0        0 
Distances 
  3.0426   3.0426   3.0426   3.0426   3.0426   3.0426   3.0426   3.0426   3.0426   3.0426   3.0426   3.0426   0.0000   0.0000   0.0000 

Displacements 
  2.1515  -2.1515   2.1515  -2.1515   2.1515   2.1515  -2.1515  -2.1515   0.0000   0.0000   0.0000   0.0000   0.0000   0.0000   0.0000 
  2.1515  -2.1515  -2.1515   2.1515   0.0000   0.0000   0.0000   0.0000   2.1515   2.1515  -2.1515  -2.1515   0.0000   0.0000   0.0000 
  0.0000   0.0000   0.0000   0.0000  -2.1515   2.1515   2.1515  -2.1515  -2.1515   2.1515  -2.1515   2.1515   0.0000   0.0000   0.0000 

Atom 203 (Fe): Coordinates (8.605886, 8.605886, 6.454415)
Nearest neighbours: 
       8       27       34       49       78       82      107      119      141      145      167      187        0        0        0 
Distances 
  3.0426   3.0426   3.0426   3.0426   3.0426   3.0426   3.0426   3.0426   3.0426   3.0426   3.0426   3.0426   0.0000   0.0000   0.0000 

Displacements 
  2.1515  -2.1515   2.1515  -2.1515   2.1515   2.1515  -2.1515  -2.1515   0.0000   0.0000   0.0000   0.0000   0.0000   0.0000   0.0000 
  2.1515  -2.1515  -2.1515   2.1515   0.0000   0.0000   0.0000   0.0000   2.1515   2.1515  -2.1515  -2.1515   0.0000   0.0000   0.0000 
  0.0000   0.0000   0.0000   0.0000  -2.1515   2.1515   2.1515  -2.1515  -2.1515   2.1515  -2.1515   2.1515   0.0000   0.0000   0.0000 

Atom 204 (Fe): Coordinates (0.000000, 0.000000, 15.060301)
Nearest neighbours: 
      15       28       37       54       73       85      108      112      138      150      160      188        0        0        0 
Distances 
  3.0426   3.0426   3.0426   3.0426   3.0426   3.0426   3.0426   3.0426   3.0426   3.0426   3.0426   3.0426   0.0000   0.0000   0.0000 

Displacements 
  2.1515  -2.1515   2.1515  -2.1515   2.1515   2.1515  -2.1515  -2.1515   0.0000   0.0000   0.0000   0.0000   0.0000   0.0000   0.0000 
  2.1515  -2.1515  -2.1515   2.1515   0.0000   0.0000   0.0000   0.0000   2.1515   2.1515  -2.1515  -2.1515   0.0000   0.0000   0.0000 
  0.0000   0.0000   0.0000   0.0000  -2.1515   2.1515   2.1515  -2.1515  -2.1515   2.1515  -2.1515   2.1515   0.0000   0.0000   0.0000 

Atom 205 (Fe): Coordinates (8.605886, 0.000000, 15.060301)
Nearest neighbours: 
      14       29       36       55       72       84      109      113      139      151      161      189        0        0        0 
Distances 
  3.0426   3.0426   3.0426   3.0426   3.0426   3.0426   3.0426   3.0426   3.0426   3.0426   3.0426   3.0426   0.0000   0.0000   0.0000 

Displacements 
  2.1515  -2.1515   2.1515  -2.1515   2.1515   2.1515  -2.1515  -2.1515   0.0000   0.0000   0.0000   0.0000   0.0000   0.0000   0.0000 
  2.1515  -2.1515  -2.1515   2.1515   0.0000   0.0000   0.0000   0.0000   2.1515   2.1515  -2.1515  -2.1515   0.0000   0.0000   0.0000 
  0.0000   0.0000   0.0000   0.0000  -2.1515   2.1515   2.1515  -2.1515  -2.1515   2.1515  -2.1515   2.1515   0.0000   0.0000   0.0000 

Atom 206 (Fe): Coordinates (0.000000, 8.605886, 15.060301)
Nearest neighbours: 
      13       30       39       52       75       87      110      114      136      148      162      190        0        0        0 
Distances 
  3.0426   3.0426   3.0426   3.0426   3.0426   3.0426   3.0426   3.0426   3.0426   3.0426   3.0426   3.0426   0.0000   0.0000   0.0000 

Displacements 
  2.1515  -2.1515   2.1515  -2.1515   2.1515   2.1515  -2.1515  -2.1515   0.0000   0.0000   0.0000   0.0000   0.0000   0.0000   0.0000 
  2.1515  -2.1515  -2.1515   2.1515   0.0000   0.0000   0.0000   0.0000   2.1515   2.1515  -2.1515  -2.1515   0.0000   0.0000   0.0000 
  0.0000   0.0000   0.0000   0.0000  -2.1515   2.1515   2.1515  -2.1515  -2.1515   2.1515  -2.1515   2.1515   0.0000   0.0000   0.0000 

Atom 207 (Fe): Coordinates (8.605886, 8.605886, 15.060301)
Nearest neighbours: 
      12       31       38       53       74       86      111      115      137      149      163      191        0        0        0 
Distances 
  3.0426   3.0426   3.0426   3.0426   3.0426   3.0426   3.0426   3.0426   3.0426   3.0426   3.0426   3.0426   0.0000   0.0000   0.0000 

Displacements 
  2.1515  -2.1515   2.1515  -2.1515   2.1515   2.1515  -2.1515  -2.1515   0.0000   0.0000   0.0000   0.0000   0.0000   0.0000   0.0000 
  2.1515  -2.1515  -2.1515   2.1515   0.0000   0.0000   0.0000   0.0000   2.1515   2.1515  -2.1515  -2.1515   0.0000   0.0000   0.0000 
  0.0000   0.0000   0.0000   0.0000  -2.1515   2.1515   2.1515  -2.1515  -2.1515   2.1515  -2.1515   2.1515   0.0000   0.0000   0.0000 

Atom 208 (Fe): Coordinates (0.000000, 0.000000, 2.151472)
Nearest neighbours: 
       0       19       42       57       73       81      104      112      138      146      160      184        0        0        0 
Distances 
  3.0426   3.0426   3.0426   3.0426   3.0426   3.0426   3.0426   3.0426   3.0426   3.0426   3.0426   3.0426   0.0000   0.0000   0.0000 

Displacements 
 -2.1515   2.1515  -2.1515   2.1515   2.1515   2.1515  -2.1515  -2.1515   0.0000   0.0000   0.0000   0.0000   0.0000   0.0000   0.0000 
 -2.1515   2.1515   2.1515  -2.1515   0.0000   0.0000   0.0000   0.0000   2.1515   2.1515  -2.1515  -2.1515   0.0000   0.0000   0.0000 
  0.0000   0.0000   0.0000   0.0000   2.1515  -2.1515  -2.1515   2.1515   2.1515  -2.1515   2.1515  -2.1515   0.0000   0.0000   0.0000 

Atom 209 (Fe): Coordinates (8.605886, 0.000000, 2.151472)
Nearest neighbours: 
       1       18       43       56       72       80      105      113      139      147      161      185        0        0        0 
Distances 
  3.0426   3.0426   3.0426   3.0426   3.0426   3.0426   3.0426   3.0426   3.0426   3.0426   3.0426   3.0426   0.0000   0.0000   0.0000 

Displacements 
 -2.1515   2.1515  -2.1515   2.1515   2.1515   2.1515  -2.1515  -2.1515   0.0000   0.0000   0.0000   0.0000   0.0000   0.0000   0.0000 
 -2.1515   2.1515   2.1515  -2.1515   0.0000   0.0000   0.0000   0.0000   2.1515   2.1515  -2.1515  -2.1515   0.0000   0.0000   0.0000 
  0.0000   0.0000   0.0000   0.0000   2.1515  -2.1515  -2.1515   2.1515   2.1515  -2.1515   2.1515  -2.1515   0.0000   0.0000   0.0000 

Atom 210 (Fe): Coordinates (0.000000, 8.605886, 2.151472)
Nearest neighbours: 
       2       17       40       59       75       83      106      114      136      144      162      186        0        0        0 
Distances 
  3.0426   3.0426   3.0426   3.0426   3.0426   3.0426   3.0426   3.0426   3.0426   3.0426   3.0426   3.0426   0.0000   0.0000   0.0000 

Displacements 
 -2.1515   2.1515  -2.1515   2.1515   2.1515   2.1515  -2.1515  -2.1515   0.0000   0.0000   0.0000   0.0000   0.0000   0.0000   0.0000 
 -2.1515   2.1515   2.1515  -2.1515   0.0000   0.0000   0.0000   0.0000   2.1515   2.1515  -2.1515  -2.1515   0.0000   0.0000   0.0000 
  0.0000   0.0000   0.0000   0.0000   2.1515  -2.1515  -2.1515   2.1515   2.1515  -2.1515   2.1515  -2.1515   0.0000   0.0000   0.0000 

Atom 211 (Fe): Coordinates (8.605886, 8.605886, 2.151472)
Nearest neighbours: 
       3       16       41       58       74       82      107      115      137      145      163      187        0        0        0 
Distances 
  3.0426   3.0426   3.0426   3.0426   3.0426   3.0426   3.0426   3.0426   3.0426   3.0426   3.0426   3.0426   0.0000   0.0000   0.0000 

Displacements 
 -2.1515   2.1515  -2.1515   2.1515   2.1515   2.1515  -2.1515  -2.1515   0.0000   0.0000   0.0000   0.0000   0.0000   0.0000   0.0000 
 -2.1515   2.1515   2.1515  -2.1515   0.0000   0.0000   0.0000   0.0000   2.1515   2.1515  -2.1515  -2.1515   0.0000   0.0000   0.0000 
  0.0000   0.0000   0.0000   0.0000   2.1515  -2.1515  -2.1515   2.1515   2.1515  -2.1515   2.1515  -2.1515   0.0000   0.0000   0.0000 

Atom 212 (Fe): Coordinates (0.000000, 0.000000, 10.757358)
Nearest neighbours: 
       4       23       46       61       77       85      108      116      142      150      164      188        0        0        0 
Distances 
  3.0426   3.0426   3.0426   3.0426   3.0426   3.0426   3.0426   3.0426   3.0426   3.0426   3.0426   3.0426   0.0000   0.0000   0.0000 

Displacements 
 -2.1515   2.1515  -2.1515   2.1515   2.1515   2.1515  -2.1515  -2.1515   0.0000   0.0000   0.0000   0.0000   0.0000   0.0000   0.0000 
 -2.1515   2.1515   2.1515  -2.1515   0.0000   0.0000   0.0000   0.0000   2.1515   2.1515  -2.1515  -2.1515   0.0000   0.0000   0.0000 
  0.0000   0.0000   0.0000   0.0000   2.1515  -2.1515  -2.1515   2.1515   2.1515  -2.1515   2.1515  -2.1515   0.0000   0.0000   0.0000 

Atom 213 (Fe): Coordinates (8.605886, 0.000000, 10.757358)
Nearest neighbours: 
       5       22       47       60       76       84      109      117      143      151      165      189        0        0        0 
Distances 
  3.0426   3.0426   3.0426   3.0426   3.0426   3.0426   3.0426   3.0426   3.0426   3.0426   3.0426   3.0426   0.0000   0.0000   0.0000 

Displacements 
 -2.1515   2.1515  -2.1515   2.1515   2.1515   2.1515  -2.1515  -2.1515   0.0000   0.0000   0.0000   0.0000   0.0000   0.0000   0.0000 
 -2.1515   2.1515   2.1515  -2.1515   0.0000   0.0000   0.0000   0.0000   2.1515   2.1515  -2.1515  -2.1515   0.0000   0.0000   0.0000 
  0.0000   0.0000   0.0000   0.0000   2.1515  -2.1515  -2.1515   2.1515   2.1515  -2.1515   2.1515  -2.1515   0.0000   0.0000   0.0000 

Atom 214 (Fe): Coordinates (0.000000, 8.605886, 10.757358)
Nearest neighbours: 
       6       21       44       63       79       87      110      118      140      148      166      190        0        0        0 
Distances 
  3.0426   3.0426   3.0426   3.0426   3.0426   3.0426   3.0426   3.0426   3.0426   3.0426   3.0426   3.0426   0.0000   0.0000   0.0000 

Displacements 
 -2.1515   2.1515  -2.1515   2.1515   2.1515   2.1515  -2.1515  -2.1515   0.0000   0.0000   0.0000   0.0000   0.0000   0.0000   0.0000 
 -2.1515   2.1515   2.1515  -2.1515   0.0000   0.0000   0.0000   0.0000   2.1515   2.1515  -2.1515  -2.1515   0.0000   0.0000   0.0000 
  0.0000   0.0000   0.0000   0.0000   2.1515  -2.1515  -2.1515   2.1515   2.1515  -2.1515   2.1515  -2.1515   0.0000   0.0000   0.0000 

Atom 215 (Fe): Coordinates (8.605886, 8.605886, 10.757358)
Nearest neighbours: 
       7       20       45       62       78       86      111      119      141      149      167      191        0        0        0 
Distances 
  3.0426   3.0426   3.0426   3.0426   3.0426   3.0426   3.0426   3.0426   3.0426   3.0426   3.0426   3.0426   0.0000   0.0000   0.0000 

Displacements 
 -2.1515   2.1515  -2.1515   2.1515   2.1515   2.1515  -2.1515  -2.1515   0.0000   0.0000   0.0000   0.0000   0.0000   0.0000   0.0000 
 -2.1515   2.1515   2.1515  -2.1515   0.0000   0.0000   0.0000   0.0000   2.1515   2.1515  -2.1515  -2.1515   0.0000   0.0000   0.0000 
  0.0000   0.0000   0.0000   0.0000   2.1515  -2.1515  -2.1515   2.1515   2.1515  -2.1515   2.1515  -2.1515   0.0000   0.0000   0.0000 

Atom 216 (Fe): Coordinates (4.302943, 4.302943, 6.454415)
Nearest neighbours: 
       8       24       32       48       64       92      100      120      128      156      168      180        0        0        0 
Distances 
  3.0426   3.0426   3.0426   3.0426   3.0426   3.0426   3.0426   3.0426   3.0426   3.0426   3.0426   3.0426   0.0000   0.0000   0.0000 

Displacements 
 -2.1515   2.1515  -2.1515   2.1515   2.1515   2.1515  -2.1515  -2.1515   0.0000   0.0000   0.0000   0.0000   0.0000   0.0000   0.0000 
 -2.1515   2.1515   2.1515  -2.1515   0.0000   0.0000   0.0000   0.0000   2.1515   2.1515  -2.1515  -2.1515   0.0000   0.0000   0.0000 
  0.0000   0.0000   0.0000   0.0000   2.1515  -2.1515  -2.1515   2.1515   2.1515  -2.1515   2.1515  -2.1515   0.0000   0.0000   0.0000 

Atom 217 (Fe): Coordinates (12.908830, 4.302943, 6.454415)
Nearest neighbours: 
       9       25       33       49       65       93      101      121      129      157      169      181        0        0        0 
Distances 
  3.0426   3.0426   3.0426   3.0426   3.0426   3.0426   3.0426   3.0426   3.0426   3.0426   3.0426   3.0426   0.0000   0.0000   0.0000 

Displacements 
 -2.1515   2.1515  -2.1515   2.1515   2.1515   2.1515  -2.1515  -2.1515   0.0000   0.0000   0.0000   0.0000   0.0000   0.0000   0.0000 
 -2.1515   2.1515   2.1515  -2.1515   0.0000   0.0000   0.0000   0.0000   2.1515   2.1515  -2.1515  -2.1515   0.0000   0.0000   0.0000 
  0.0000   0.0000   0.0000   0.0000   2.1515  -2.1515  -2.1515   2.1515   2.1515  -2.1515   2.1515  -2.1515   0.0000   0.0000   0.0000 

Atom 218 (Fe): Coordinates (4.302943, 12.908830, 6.454415)
Nearest neighbours: 
      10       26       34       50       66       94      102      122      130      158      170      182        0        0        0 
Distances 
  3.0426   3.0426   3.0426   3.0426   3.0426   3.0426   3.0426   3.0426   3.0426   3.0426   3.0426   3.0426   0.0000   0.0000   0.0000 

Displacements 
 -2.1515   2.1515  -2.1515   2.1515   2.1515   2.1515  -2.1515  -2.1515   0.0000   0.0000   0.0000   0.0000   0.0000   0.0000   0.0000 
 -2.1515   2.1515   2.1515  -2.1515   0.0000   0.0000   0.0000   0.0000   2.1515   2.1515  -2.1515  -2.1515   0.0000   0.0000   0.0000 
  0.0000   0.0000   0.0000   0.0000   2.1515  -2.1515  -2.1515   2.1515   2.1515  -2.1515   2.1515  -2.1515   0.0000   0.0000   0.0000 

Atom 219 (Fe): Coordinates (12.908830, 12.908830, 6.454415)
Nearest neighbours: 
      11       27       35       51       67       95      103      123      131      159      171      183        0        0        0 
Distances 
  3.0426   3.0426   3.0426   3.0426   3.0426   3.0426   3.0426   3.0426   3.0426   3.0426   3.0426   3.0426   0.0000   0.0000   0.0000 

Displacements 
 -2.1515   2.1515  -2.1515   2.1515   2.1515   2.1515  -2.1515  -2.1515   0.0000   0.0000   0.0000   0.0000   0.0000   0.0000   0.0000 
 -2.1515   2.1515   2.1515  -2.1515   0.0000   0.0000   0.0000   0.0000   2.1515   2.1515  -2.1515  -2.1515   0.0000   0.0000   0.0000 
  0.0000   0.0000   0.0000   0.0000   2.1515  -2.1515  -2.1515   2.1515   2.1515  -2.1515   2.1515  -2.1515   0.0000   0.0000   0.0000 

Atom 220 (Fe): Coordinates (4.302943, 4.302943, 15.060301)
Nearest neighbours: 
      12       28       36       52       68       88       96      124      132      152      172      176        0        0        0 
Distances 
  3.0426   3.0426   3.0426   3.0426   3.0426   3.0426   3.0426   3.0426   3.0426   3.0426   3.0426   3.0426   0.0000   0.0000   0.0000 

Displacements 
 -2.1515   2.1515  -2.1515   2.1515   2.1515   2.1515  -2.1515  -2.1515   0.0000   0.0000   0.0000   0.0000   0.0000   0.0000   0.0000 
 -2.1515   2.1515   2.1515  -2.1515   0.0000   0.0000   0.0000   0.0000   2.1515   2.1515  -2.1515  -2.1515   0.0000   0.0000   0.0000 
  0.0000   0.0000   0.0000   0.0000   2.1515  -2.1515  -2.1515   2.1515   2.1515  -2.1515   2.1515  -2.1515   0.0000   0.0000   0.0000 

Atom 221 (Fe): Coordinates (12.908830, 4.302943, 15.060301)
Nearest neighbours: 
      13       29       37       53       69       89       97      125      133      153      173      177        0        0        0 
Distances 
  3.0426   3.0426   3.0426   3.0426   3.0426   3.0426   3.0426   3.0426   3.0426   3.0426   3.0426   3.0426   0.0000   0.0000   0.0000 

Displacements 
 -2.1515   2.1515  -2.1515   2.1515   2.1515   2.1515  -2.1515  -2.1515   0.0000   0.0000   0.0000   0.0000   0.0000   0.0000   0.0000 
 -2.1515   2.1515   2.1515  -2.1515   0.0000   0.0000   0.0000   0.0000   2.1515   2.1515  -2.1515  -2.1515   0.0000   0.0000   0.0000 
  0.0000   0.0000   0.0000   0.0000   2.1515  -2.1515  -2.1515   2.1515   2.1515  -2.1515   2.1515  -2.1515   0.0000   0.0000   0.0000 

Atom 222 (Fe): Coordinates (4.302943, 12.908830, 15.060301)
Nearest neighbours: 
      14       30       38       54       70       90       98      126      134      154      174      178        0        0        0 
Distances 
  3.0426   3.0426   3.0426   3.0426   3.0426   3.0426   3.0426   3.0426   3.0426   3.0426   3.0426   3.0426   0.0000   0.0000   0.0000 

Displacements 
 -2.1515   2.1515  -2.1515   2.1515   2.1515   2.1515  -2.1515  -2.1515   0.0000   0.0000   0.0000   0.0000   0.0000   0.0000   0.0000 
 -2.1515   2.1515   2.1515  -2.1515   0.0000   0.0000   0.0000   0.0000   2.1515   2.1515  -2.1515  -2.1515   0.0000   0.0000   0.0000 
  0.0000   0.0000   0.0000   0.0000   2.1515  -2.1515  -2.1515   2.1515   2.1515  -2.1515   2.1515  -2.1515   0.0000   0.0000   0.0000 

Atom 223 (Fe): Coordinates (12.908830, 12.908830, 15.060301)
Nearest neighbours: 
      15       31       39       55       71       91       99      127      135      155      175      179        0        0        0 
Distances 
  3.0426   3.0426   3.0426   3.0426   3.0426   3.0426   3.0426   3.0426   3.0426   3.0426   3.0426   3.0426   0.0000   0.0000   0.0000 

Displacements 
 -2.1515   2.1515  -2.1515   2.1515   2.1515   2.1515  -2.1515  -2.1515   0.0000   0.0000   0.0000   0.0000   0.0000   0.0000   0.0000 
 -2.1515   2.1515   2.1515  -2.1515   0.0000   0.0000   0.0000   0.0000   2.1515   2.1515  -2.1515  -2.1515   0.0000   0.0000   0.0000 
  0.0000   0.0000   0.0000   0.0000   2.1515  -2.1515  -2.1515   2.1515   2.1515  -2.1515   2.1515  -2.1515   0.0000   0.0000   0.0000 

Atom 224 (Fe): Coordinates (0.000000, 4.302943, 6.454415)
Nearest neighbours: 
       9       24       33       48       64       92      101      121      140      144      164      184        0        0        0 
Distances 
  3.0426   3.0426   3.0426   3.0426   3.0426   3.0426   3.0426   3.0426   3.0426   3.0426   3.0426   3.0426   0.0000   0.0000   0.0000 

Displacements 
  2.1515  -2.1515   2.1515  -2.1515  -2.1515  -2.1515   2.1515   2.1515   0.0000   0.0000   0.0000   0.0000   0.0000   0.0000   0.0000 
 -2.1515   2.1515   2.1515  -2.1515   0.0000   0.0000   0.0000   0.0000  -2.1515  -2.1515   2.1515   2.1515   0.0000   0.0000   0.0000 
  0.0000   0.0000   0.0000   0.0000   2.1515  -2.1515  -2.1515   2.1515  -2.1515   2.1515  -2.1515   2.1515   0.0000   0.0000   0.0000 

Atom 225 (Fe): Coordinates (8.605886, 4.302943, 6.454415)
Nearest neighbours: 
       8       25       32       49       65       93      100      120      141      145      165      185        0        0        0 
Distances 
  3.0426   3.0426   3.0426   3.0426   3.0426   3.0426   3.0426   3.0426   3.0426   3.0426   3.0426   3.0426   0.0000   0.0000   0.0000 

Displacements 
  2.1515  -2.1515   2.1515  -2.1515  -2.1515  -2.1515   2.1515   2.1515   0.0000   0.0000   0.0000   0.0000   0.0000   0.0000   0.0000 
 -2.1515   2.1515   2.1515  -2.1515   0.0000   0.0000   0.0000   0.0000  -2.1515  -2.1515   2.1515   2.1515   0.0000   0.0000   0.0000 
  0.0000   0.0000   0.0000   0.0000   2.1515  -2.1515  -2.1515   2.1515  -2.1515   2.1515  -2.1515   2.1515   0.0000   0.0000   0.0000 

Atom 226 (Fe): Coordinates (0.000000, 12.908830, 6.454415)
Nearest neighbours: 
      11       26       35       50       66       94      103      123      142      146      166      186        0        0        0 
Distances 
  3.0426   3.0426   3.0426   3.0426   3.0426   3.0426   3.0426   3.0426   3.0426   3.0426   3.0426   3.0426   0.0000   0.0000   0.0000 

Displacements 
  2.1515  -2.1515   2.1515  -2.1515  -2.1515  -2.1515   2.1515   2.1515   0.0000   0.0000   0.0000   0.0000   0.0000   0.0000   0.0000 
 -2.1515   2.1515   2.1515  -2.1515   0.0000   0.0000   0.0000   0.0000  -2.1515  -2.1515   2.1515   2.1515   0.0000   0.0000   0.0000 
  0.0000   0.0000   0.0000   0.0000   2.1515  -2.1515  -2.1515   2.1515  -2.1515   2.1515  -2.1515   2.1515   0.0000   0.0000   0.0000 

Atom 227 (Fe): Coordinates (8.605886, 12.908830, 6.454415)
Nearest neighbours: 
      10       27       34       51       67       95      102      122      143      147      167      187        0        0        0 
Distances 
  3.0426   3.0426   3.0426   3.0426   3.0426   3.0426   3.0426   3.0426   3.0426   3.0426   3.0426   3.0426   0.0000   0.0000   0.0000 

Displacements 
  2.1515  -2.1515   2.1515  -2.1515  -2.1515  -2.1515   2.1515   2.1515   0.0000   0.0000   0.0000   0.0000   0.0000   0.0000   0.0000 
 -2.1515   2.1515   2.1515  -2.1515   0.0000   0.0000   0.0000   0.0000  -2.1515  -2.1515   2.1515   2.1515   0.0000   0.0000   0.0000 
  0.0000   0.0000   0.0000   0.0000   2.1515  -2.1515  -2.1515   2.1515  -2.1515   2.1515  -2.1515   2.1515   0.0000   0.0000   0.0000 

Atom 228 (Fe): Coordinates (0.000000, 4.302943, 15.060301)
Nearest neighbours: 
      13       28       37       52       68       88       97      125      136      148      160      188        0        0        0 
Distances 
  3.0426   3.0426   3.0426   3.0426   3.0426   3.0426   3.0426   3.0426   3.0426   3.0426   3.0426   3.0426   0.0000   0.0000   0.0000 

Displacements 
  2.1515  -2.1515   2.1515  -2.1515  -2.1515  -2.1515   2.1515   2.1515   0.0000   0.0000   0.0000   0.0000   0.0000   0.0000   0.0000 
 -2.1515   2.1515   2.1515  -2.1515   0.0000   0.0000   0.0000   0.0000  -2.1515  -2.1515   2.1515   2.1515   0.0000   0.0000   0.0000 
  0.0000   0.0000   0.0000   0.0000   2.1515  -2.1515  -2.1515   2.1515  -2.1515   2.1515  -2.1515   2.1515   0.0000   0.0000   0.0000 

Atom 229 (Fe): Coordinates (8.605886, 4.302943, 15.060301)
Nearest neighbours: 
      12       29       36       53       69       89       96      124      137      149      161      189        0        0        0 
Distances 
  3.0426   3.0426   3.0426   3.0426   3.0426   3.0426   3.0426   3.0426   3.0426   3.0426   3.0426   3.0426   0.0000   0.0000   0.0000 

Displacements 
  2.1515  -2.1515   2.1515  -2.1515  -2.1515  -2.1515   2.1515   2.1515   0.0000   0.0000   0.0000   0.0000   0.0000   0.0000   0.0000 
 -2.1515   2.1515   2.1515  -2.1515   0.0000   0.0000   0.0000   0.0000  -2.1515  -2.1515   2.1515   2.1515   0.0000   0.0000   0.0000 
  0.0000   0.0000   0.0000   0.0000   2.1515  -2.1515  -2.1515   2.1515  -2.1515   2.1515  -2.1515   2.1515   0.0000   0.0000   0.0000 

Atom 230 (Fe): Coordinates (0.000000, 12.908830, 15.060301)
Nearest neighbours: 
      15       30       39       54       70       90       99      127      138      150      162      190        0        0        0 
Distances 
  3.0426   3.0426   3.0426   3.0426   3.0426   3.0426   3.0426   3.0426   3.0426   3.0426   3.0426   3.0426   0.0000   0.0000   0.0000 

Displacements 
  2.1515  -2.1515   2.1515  -2.1515  -2.1515  -2.1515   2.1515   2.1515   0.0000   0.0000   0.0000   0.0000   0.0000   0.0000   0.0000 
 -2.1515   2.1515   2.1515  -2.1515   0.0000   0.0000   0.0000   0.0000  -2.1515  -2.1515   2.1515   2.1515   0.0000   0.0000   0.0000 
  0.0000   0.0000   0.0000   0.0000   2.1515  -2.1515  -2.1515   2.1515  -2.1515   2.1515  -2.1515   2.1515   0.0000   0.0000   0.0000 

Atom 231 (Fe): Coordinates (8.605886, 12.908830, 15.060301)
Nearest neighbours: 
      14       31       38       55       71       91       98      126      139      151      163      191        0        0        0 
Distances 
  3.0426   3.0426   3.0426   3.0426   3.0426   3.0426   3.0426   3.0426   3.0426   3.0426   3.0426   3.0426   0.0000   0.0000   0.0000 

Displacements 
  2.1515  -2.1515   2.1515  -2.1515  -2.1515  -2.1515   2.1515   2.1515   0.0000   0.0000   0.0000   0.0000   0.0000   0.0000   0.0000 
 -2.1515   2.1515   2.1515  -2.1515   0.0000   0.0000   0.0000   0.0000  -2.1515  -2.1515   2.1515   2.1515   0.0000   0.0000   0.0000 
  0.0000   0.0000   0.0000   0.0000   2.1515  -2.1515  -2.1515   2.1515  -2.1515   2.1515  -2.1515   2.1515   0.0000   0.0000   0.0000 

Atom 232 (Fe): Coordinates (4.302943, 0.000000, 2.151472)
Nearest neighbours: 
       0       18       42       56       72       80      104      112      128      152      170      178        0        0        0 
Distances 
  3.0426   3.0426   3.0426   3.0426   3.0426   3.0426   3.0426   3.0426   3.0426   3.0426   3.0426   3.0426   0.0000   0.0000   0.0000 

Displacements 
  2.1515  -2.1515   2.1515  -2.1515  -2.1515  -2.1515   2.1515   2.1515   0.0000   0.0000   0.0000   0.0000   0.0000   0.0000   0.0000 
 -2.1515   2.1515   2.1515  -2.1515   0.0000   0.0000   0.0000   0.0000  -2.1515  -2.1515   2.1515   2.1515   0.0000   0.0000   0.0000 
  0.0000   0.0000   0.0000   0.0000   2.1515  -2.1515  -2.1515   2.1515  -2.1515   2.1515  -2.1515   2.1515   0.0000   0.0000   0.0000 

Atom 233 (Fe): Coordinates (12.908830, 0.000000, 2.151472)
Nearest neighbours: 
       1       19       43       57       73       81      105      113      129      153      171      179        0        0        0 
Distances 
  3.0426   3.0426   3.0426   3.0426   3.0426   3.0426   3.0426   3.0426   3.0426   3.0426   3.0426   3.0426   0.0000   0.0000   0.0000 

Displacements 
  2.1515  -2.1515   2.1515  -2.1515  -2.1515  -2.1515   2.1515   2.1515   0.0000   0.0000   0.0000   0.0000   0.0000   0.0000   0.0000 
 -2.1515   2.1515   2.1515  -2.1515   0.0000   0.0000   0.0000   0.0000  -2.1515  -2.1515   2.1515   2.1515   0.0000   0.0000   0.0000 
  0.0000   0.0000   0.0000   0.0000   2.1515  -2.1515  -2.1515   2.1515  -2.1515   2.1515  -2.1515   2.1515   0.0000   0.0000   0.0000 

Atom 234 (Fe): Coordinates (4.302943, 8.605886, 2.151472)
Nearest neighbours: 
       2       16       40       58       74       82      106      114      130      154      168      176        0        0        0 
Distances 
  3.0426   3.0426   3.0426   3.0426   3.0426   3.0426   3.0426   3.0426   3.0426   3.0426   3.0426   3.0426   0.0000   0.0000   0.0000 

Displacements 
  2.1515  -2.1515   2.1515  -2.1515  -2.1515  -2.1515   2.1515   2.1515   0.0000   0.0000   0.0000   0.0000   0.0000   0.0000   0.0000 
 -2.1515   2.1515   2.1515  -2.1515   0.0000   0.0000   0.0000   0.0000  -2.1515  -2.1515   2.1515   2.1515   0.0000   0.0000   0.0000 
  0.0000   0.0000   0.0000   0.0000   2.1515  -2.1515  -2.1515   2.1515  -2.1515   2.1515  -2.1515   2.1515   0.0000   0.0000   0.0000 

Atom 235 (Fe): Coordinates (12.908830, 8.605886, 2.151472)
Nearest neighbours: 
       3       17       41       59       75       83      107      115      131      155      169      177        0        0        0 
Distances 
  3.0426   3.0426   3.0426   3.0426   3.0426   3.0426   3.0426   3.0426   3.0426   3.0426   3.0426   3.0426   0.0000   0.0000   0.0000 

Displacements 
  2.1515  -2.1515   2.1515  -2.1515  -2.1515  -2.1515   2.1515   2.1515   0.0000   0.0000   0.0000   0.0000   0.0000   0.0000   0.0000 
 -2.1515   2.1515   2.1515  -2.1515   0.0000   0.0000   0.0000   0.0000  -2.1515  -2.1515   2.1515   2.1515   0.0000   0.0000   0.0000 
  0.0000   0.0000   0.0000   0.0000   2.1515  -2.1515  -2.1515   2.1515  -2.1515   2.1515  -2.1515   2.1515   0.0000   0.0000   0.0000 

Atom 236 (Fe): Coordinates (4.302943, 0.000000, 10.757358)
Nearest neighbours: 
       4       22       46       60       76       84      108      116      132      156      174      182        0        0        0 
Distances 
  3.0426   3.0426   3.0426   3.0426   3.0426   3.0426   3.0426   3.0426   3.0426   3.0426   3.0426   3.0426   0.0000   0.0000   0.0000 

Displacements 
  2.1515  -2.1515   2.1515  -2.1515  -2.1515  -2.1515   2.1515   2.1515   0.0000   0.0000   0.0000   0.0000   0.0000   0.0000   0.0000 
 -2.1515   2.1515   2.1515  -2.1515   0.0000   0.0000   0.0000   0.0000  -2.1515  -2.1515   2.1515   2.1515   0.0000   0.0000   0.0000 
  0.0000   0.0000   0.0000   0.0000   2.1515  -2.1515  -2.1515   2.1515  -2.1515   2.1515  -2.1515   2.1515   0.0000   0.0000   0.0000 

Atom 237 (Fe): Coordinates (12.908830, 0.000000, 10.757358)
Nearest neighbours: 
       5       23       47       61       77       85      109      117      133      157      175      183        0        0        0 
Distances 
  3.0426   3.0426   3.0426   3.0426   3.0426   3.0426   3.0426   3.0426   3.0426   3.0426   3.0426   3.0426   0.0000   0.0000   0.0000 

Displacements 
  2.1515  -2.1515   2.1515  -2.1515  -2.1515  -2.1515   2.1515   2.1515   0.0000   0.0000   0.0000   0.0000   0.0000   0.0000   0.0000 
 -2.1515   2.1515   2.1515  -2.1515   0.0000   0.0000   0.0000   0.0000  -2.1515  -2.1515   2.1515   2.1515   0.0000   0.0000   0.0000 
  0.0000   0.0000   0.0000   0.0000   2.1515  -2.1515  -2.1515   2.1515  -2.1515   2.1515  -2.1515   2.1515   0.0000   0.0000   0.0000 

Atom 238 (Fe): Coordinates (4.302943, 8.605886, 10.757358)
Nearest neighbours: 
       6       20       44       62       78       86      110      118      134      158      172      180        0        0        0 
Distances 
  3.0426   3.0426   3.0426   3.0426   3.0426   3.0426   3.0426   3.0426   3.0426   3.0426   3.0426   3.0426   0.0000   0.0000   0.0000 

Displacements 
  2.1515  -2.1515   2.1515  -2.1515  -2.1515  -2.1515   2.1515   2.1515   0.0000   0.0000   0.0000   0.0000   0.0000   0.0000   0.0000 
 -2.1515   2.1515   2.1515  -2.1515   0.0000   0.0000   0.0000   0.0000  -2.1515  -2.1515   2.1515   2.1515   0.0000   0.0000   0.0000 
  0.0000   0.0000   0.0000   0.0000   2.1515  -2.1515  -2.1515   2.1515  -2.1515   2.1515  -2.1515   2.1515   0.0000   0.0000   0.0000 

Atom 239 (Fe): Coordinates (12.908830, 8.605886, 10.757358)
Nearest neighbours: 
       7       21       45       63       79       87      111      119      135      159      173      181        0        0        0 
Distances 
  3.0426   3.0426   3.0426   3.0426   3.0426   3.0426   3.0426   3.0426   3.0426   3.0426   3.0426   3.0426   0.0000   0.0000   0.0000 

Displacements 
  2.1515  -2.1515   2.1515  -2.1515  -2.1515  -2.1515   2.1515   2.1515   0.0000   0.0000   0.0000   0.0000   0.0000   0.0000   0.0000 
 -2.1515   2.1515   2.1515  -2.1515   0.0000   0.0000   0.0000   0.0000  -2.1515  -2.1515   2.1515   2.1515   0.0000   0.0000   0.0000 
  0.0000   0.0000   0.0000   0.0000   2.1515  -2.1515  -2.1515   2.1515  -2.1515   2.1515  -2.1515   2.1515   0.0000   0.0000   0.0000 

Atom 240 (Fe): Coordinates (4.302943, 0.000000, 6.454415)
Nearest neighbours: 
      10       24       32       50       76       80      104      116      128      156      170      182        0        0        0 
Distances 
  3.0426   3.0426   3.0426   3.0426   3.0426   3.0426   3.0426   3.0426   3.0426   3.0426   3.0426   3.0426   0.0000   0.0000   0.0000 

Displacements 
 -2.1515   2.1515  -2.1515   2.1515  -2.1515  -2.1515   2.1515   2.1515   0.0000   0.0000   0.0000   0.0000   0.0000   0.0000   0.0000 
  2.1515  -2.1515  -2.1515   2.1515   0.0000   0.0000   0.0000   0.0000  -2.1515  -2.1515   2.1515   2.1515   0.0000   0.0000   0.0000 
  0.0000   0.0000   0.0000   0.0000  -2.1515   2.1515   2.1515  -2.1515   2.1515  -2.1515   2.1515  -2.1515   0.0000   0.0000   0.0000 

Atom 241 (Fe): Coordinates (12.908830, 0.000000, 6.454415)
Nearest neighbours: 
      11       25       33       51       77       81      105      117      129      157      171      183        0        0        0 
Distances 
  3.0426   3.0426   3.0426   3.0426   3.0426   3.0426   3.0426   3.0426   3.0426   3.0426   3.0426   3.0426   0.0000   0.0000   0.0000 

Displacements 
 -2.1515   2.1515  -2.1515   2.1515  -2.1515  -2.1515   2.1515   2.1515   0.0000   0.0000   0.0000   0.0000   0.0000   0.0000   0.0000 
  2.1515  -2.1515  -2.1515   2.1515   0.0000   0.0000   0.0000   0.0000  -2.1515  -2.1515   2.1515   2.1515   0.0000   0.0000   0.0000 
  0.0000   0.0000   0.0000   0.0000  -2.1515   2.1515   2.1515  -2.1515   2.1515  -2.1515   2.1515  -2.1515   0.0000   0.0000   0.0000 

Atom 242 (Fe): Coordinates (4.302943, 8.605886, 6.454415)
Nearest neighbours: 
       8       26       34       48       78       82      106      118      130      158      168      180        0        0        0 
Distances 
  3.0426   3.0426   3.0426   3.0426   3.0426   3.0426   3.0426   3.0426   3.0426   3.0426   3.0426   3.0426   0.0000   0.0000   0.0000 

Displacements 
 -2.1515   2.1515  -2.1515   2.1515  -2.1515  -2.1515   2.1515   2.1515   0.0000   0.0000   0.0000   0.0000   0.0000   0.0000   0.0000 
  2.1515  -2.1515  -2.1515   2.1515   0.0000   0.0000   0.0000   0.0000  -2.1515  -2.1515   2.1515   2.1515   0.0000   0.0000   0.0000 
  0.0000   0.0000   0.0000   0.0000  -2.1515   2.1515   2.1515  -2.1515   2.1515  -2.1515   2.1515  -2.1515   0.0000   0.0000   0.0000 

Atom 243 (Fe): Coordinates (12.908830, 8.605886, 6.454415)
Nearest neighbours: 
       9       27       35       49       79       83      107      119      131      159      169      181        0        0        0 
Distances 
  3.0426   3.0426   3.0426   3.0426   3.0426   3.0426   3.0426   3.0426   3.0426   3.0426   3.0426   3.0426   0.0000   0.0000   0.0000 

Displacements 
 -2.1515   2.1515  -2.1515   2.1515  -2.1515  -2.1515   2.1515   2.1515   0.0000   0.0000   0.0000   0.0000   0.0000   0.0000   0.0000 
  2.1515  -2.1515  -2.1515   2.1515   0.0000   0.0000   0.0000   0.0000  -2.1515  -2.1515   2.1515   2.1515   0.0000   0.0000   0.0000 
  0.0000   0.0000   0.0000   0.0000  -2.1515   2.1515   2.1515  -2.1515   2.1515  -2.1515   2.1515  -2.1515   0.0000   0.0000   0.0000 

Atom 244 (Fe): Coordinates (4.302943, 0.000000, 15.060301)
Nearest neighbours: 
      14       28       36       54       72       84      108      112      132      152      174      178        0        0        0 
Distances 
  3.0426   3.0426   3.0426   3.0426   3.0426   3.0426   3.0426   3.0426   3.0426   3.0426   3.0426   3.0426   0.0000   0.0000   0.0000 

Displacements 
 -2.1515   2.1515  -2.1515   2.1515  -2.1515  -2.1515   2.1515   2.1515   0.0000   0.0000   0.0000   0.0000   0.0000   0.0000   0.0000 
  2.1515  -2.1515  -2.1515   2.1515   0.0000   0.0000   0.0000   0.0000  -2.1515  -2.1515   2.1515   2.1515   0.0000   0.0000   0.0000 
  0.0000   0.0000   0.0000   0.0000  -2.1515   2.1515   2.1515  -2.1515   2.1515  -2.1515   2.1515  -2.1515   0.0000   0.0000   0.0000 

Atom 245 (Fe): Coordinates (12.908830, 0.000000, 15.060301)
Nearest neighbours: 
      15       29       37       55       73       85      109      113      133      153      175      179        0        0        0 
Distances 
  3.0426   3.0426   3.0426   3.0426   3.0426   3.0426   3.0426   3.0426   3.0426   3.0426   3.0426   3.0426   0.0000   0.0000   0.0000 

Displacements 
 -2.1515   2.1515  -2.1515   2.1515  -2.1515  -2.1515   2.1515   2.1515   0.0000   0.0000   0.0000   0.0000   0.0000   0.0000   0.0000 
  2.1515  -2.1515  -2.1515   2.1515   0.0000   0.0000   0.0000   0.0000  -2.1515  -2.1515   2.1515   2.1515   0.0000   0.0000   0.0000 
  0.0000   0.0000   0.0000   0.0000  -2.1515   2.1515   2.1515  -2.1515   2.1515  -2.1515   2.1515  -2.1515   0.0000   0.0000   0.0000 

Atom 246 (Fe): Coordinates (4.302943, 8.605886, 15.060301)
Nearest neighbours: 
      12       30       38       52       74       86      110      114      134      154      172      176        0        0        0 
Distances 
  3.0426   3.0426   3.0426   3.0426   3.0426   3.0426   3.0426   3.0426   3.0426   3.0426   3.0426   3.0426   0.0000   0.0000   0.0000 

Displacements 
 -2.1515   2.1515  -2.1515   2.1515  -2.1515  -2.1515   2.1515   2.1515   0.0000   0.0000   0.0000   0.0000   0.0000   0.0000   0.0000 
  2.1515  -2.1515  -2.1515   2.1515   0.0000   0.0000   0.0000   0.0000  -2.1515  -2.1515   2.1515   2.1515   0.0000   0.0000   0.0000 
  0.0000   0.0000   0.0000   0.0000  -2.1515   2.1515   2.1515  -2.1515   2.1515  -2.1515   2.1515  -2.1515   0.0000   0.0000   0.0000 

Atom 247 (Fe): Coordinates (12.908830, 8.605886, 15.060301)
Nearest neighbours: 
      13       31       39       53       75       87      111      115      135      155      173      177        0        0        0 
Distances 
  3.0426   3.0426   3.0426   3.0426   3.0426   3.0426   3.0426   3.0426   3.0426   3.0426   3.0426   3.0426   0.0000   0.0000   0.0000 

Displacements 
 -2.1515   2.1515  -2.1515   2.1515  -2.1515  -2.1515   2.1515   2.1515   0.0000   0.0000   0.0000   0.0000   0.0000   0.0000   0.0000 
  2.1515  -2.1515  -2.1515   2.1515   0.0000   0.0000   0.0000   0.0000  -2.1515  -2.1515   2.1515   2.1515   0.0000   0.0000   0.0000 
  0.0000   0.0000   0.0000   0.0000  -2.1515   2.1515   2.1515  -2.1515   2.1515  -2.1515   2.1515  -2.1515   0.0000   0.0000   0.0000 

Atom 248 (Fe): Coordinates (0.000000, 4.302943, 2.151472)
Nearest neighbours: 
       0       17       40       57       64       88       97      121      136      144      160      184        0        0        0 
Distances 
  3.0426   3.0426   3.0426   3.0426   3.0426   3.0426   3.0426   3.0426   3.0426   3.0426   3.0426   3.0426   0.0000   0.0000   0.0000 

Displacements 
 -2.1515   2.1515  -2.1515   2.1515  -2.1515  -2.1515   2.1515   2.1515   0.0000   0.0000   0.0000   0.0000   0.0000   0.0000   0.0000 
  2.1515  -2.1515  -2.1515   2.1515   0.0000   0.0000   0.0000   0.0000  -2.1515  -2.1515   2.1515   2.1515   0.0000   0.0000   0.0000 
  0.0000   0.0000   0.0000   0.0000  -2.1515   2.1515   2.1515  -2.1515   2.1515  -2.1515   2.1515  -2.1515   0.0000   0.0000   0.0000 

Atom 249 (Fe): Coordinates (8.605886, 4.302943, 2.151472)
Nearest neighbours: 
       1       16       41       56       65       89       96      120      137      145      161      185        0        0        0 
Distances 
  3.0426   3.0426   3.0426   3.0426   3.0426   3.0426   3.0426   3.0426   3.0426   3.0426   3.0426   3.0426   0.0000   0.0000   0.0000 

Displacements 
 -2.1515   2.1515  -2.1515   2.1515  -2.1515  -2.1515   2.1515   2.1515   0.0000   0.0000   0.0000   0.0000   0.0000   0.0000   0.0000 
  2.1515  -2.1515  -2.1515   2.1515   0.0000   0.0000   0.0000   0.0000  -2.1515  -2.1515   2.1515   2.1515   0.0000   0.0000   0.0000 
  0.0000   0.0000   0.0000   0.0000  -2.1515   2.1515   2.1515  -2.1515   2.1515  -2.1515   2.1515  -2.1515   0.0000   0.0000   0.0000 

Atom 250 (Fe): Coordinates (0.000000, 12.908830, 2.151472)
Nearest neighbours: 
       2       19       42       59       66       90       99      123      138      146      162      186        0        0        0 
Distances 
  3.0426   3.0426   3.0426   3.0426   3.0426   3.0426   3.0426   3.0426   3.0426   3.0426   3.0426   3.0426   0.0000   0.0000   0.0000 

Displacements 
 -2.1515   2.1515  -2.1515   2.1515  -2.1515  -2.1515   2.1515   2.1515   0.0000   0.0000   0.0000   0.0000   0.0000   0.0000   0.0000 
  2.1515  -2.1515  -2.1515   2.1515   0.0000   0.0000   0.0000   0.0000  -2.1515  -2.1515   2.1515   2.1515   0.0000   0.0000   0.0000 
  0.0000   0.0000   0.0000   0.0000  -2.1515   2.1515   2.1515  -2.1515   2.1515  -2.1515   2.1515  -2.1515   0.0000   0.0000   0.0000 

Atom 251 (Fe): Coordinates (8.605886, 12.908830, 2.151472)
Nearest neighbours: 
       3       18       43       58       67       91       98      122      139      147      163      187        0        0        0 
Distances 
  3.0426   3.0426   3.0426   3.0426   3.0426   3.0426   3.0426   3.0426   3.0426   3.0426   3.0426   3.0426   0.0000   0.0000   0.0000 

Displacements 
 -2.1515   2.1515  -2.1515   2.1515  -2.1515  -2.1515   2.1515   2.1515   0.0000   0.0000   0.0000   0.0000   0.0000   0.0000   0.0000 
  2.1515  -2.1515  -2.1515   2.1515   0.0000   0.0000   0.0000   0.0000  -2.1515  -2.1515   2.1515   2.1515   0.0000   0.0000   0.0000 
  0.0000   0.0000   0.0000   0.0000  -2.1515   2.1515   2.1515  -2.1515   2.1515  -2.1515   2.1515  -2.1515   0.0000   0.0000   0.0000 

Atom 252 (Fe): Coordinates (0.000000, 4.302943, 10.757358)
Nearest neighbours: 
       4       21       44       61       68       92      101      125      140      148      164      188        0        0        0 
Distances 
  3.0426   3.0426   3.0426   3.0426   3.0426   3.0426   3.0426   3.0426   3.0426   3.0426   3.0426   3.0426   0.0000   0.0000   0.0000 

Displacements 
 -2.1515   2.1515  -2.1515   2.1515  -2.1515  -2.1515   2.1515   2.1515   0.0000   0.0000   0.0000   0.0000   0.0000   0.0000   0.0000 
  2.1515  -2.1515  -2.1515   2.1515   0.0000   0.0000   0.0000   0.0000  -2.1515  -2.1515   2.1515   2.1515   0.0000   0.0000   0.0000 
  0.0000   0.0000   0.0000   0.0000  -2.1515   2.1515   2.1515  -2.1515   2.1515  -2.1515   2.1515  -2.1515   0.0000   0.0000   0.0000 

Atom 253 (Fe): Coordinates (8.605886, 4.302943, 10.757358)
Nearest neighbours: 
       5       20       45       60       69       93      100      124      141      149      165      189        0        0        0 
Distances 
  3.0426   3.0426   3.0426   3.0426   3.0426   3.0426   3.0426   3.0426   3.0426   3.0426   3.0426   3.0426   0.0000   0.0000   0.0000 

Displacements 
 -2.1515   2.1515  -2.1515   2.1515  -2.1515  -2.1515   2.1515   2.1515   0.0000   0.0000   0.0000   0.0000   0.0000   0.0000   0.0000 
  2.1515  -2.1515  -2.1515   2.1515   0.0000   0.0000   0.0000   0.0000  -2.1515  -2.1515   2.1515   2.1515   0.0000   0.0000   0.0000 
  0.0000   0.0000   0.0000   0.0000  -2.1515   2.1515   2.1515  -2.1515   2.1515  -2.1515   2.1515  -2.1515   0.0000   0.0000   0.0000 

Atom 254 (Fe): Coordinates (0.000000, 12.908830, 10.757358)
Nearest neighbours: 
       6       23       46       63       70       94      103      127      142      150      166      190        0        0        0 
Distances 
  3.0426   3.0426   3.0426   3.0426   3.0426   3.0426   3.0426   3.0426   3.0426   3.0426   3.0426   3.0426   0.0000   0.0000   0.0000 

Displacements 
 -2.1515   2.1515  -2.1515   2.1515  -2.1515  -2.1515   2.1515   2.1515   0.0000   0.0000   0.0000   0.0000   0.0000   0.0000   0.0000 
  2.1515  -2.1515  -2.1515   2.1515   0.0000   0.0000   0.0000   0.0000  -2.1515  -2.1515   2.1515   2.1515   0.0000   0.0000   0.0000 
  0.0000   0.0000   0.0000   0.0000  -2.1515   2.1515   2.1515  -2.1515   2.1515  -2.1515   2.1515  -2.1515   0.0000   0.0000   0.0000 

Atom 255 (Fe): Coordinates (8.605886, 12.908830, 10.757358)
Nearest neighbours: 
       7       22       47       62       71       95      102      126      143      151      167      191        0        0        0 
Distances 
  3.0426   3.0426   3.0426   3.0426   3.0426   3.0426   3.0426   3.0426   3.0426   3.0426   3.0426   3.0426   0.0000   0.0000   0.0000 

Displacements 
 -2.1515   2.1515  -2.1515   2.1515  -2.1515  -2.1515   2.1515   2.1515   0.0000   0.0000   0.0000   0.0000   0.0000   0.0000   0.0000 
  2.1515  -2.1515  -2.1515   2.1515   0.0000   0.0000   0.0000   0.0000  -2.1515  -2.1515   2.1515   2.1515   0.0000   0.0000   0.0000 
  0.0000   0.0000   0.0000   0.0000  -2.1515   2.1515   2.1515  -2.1515   2.1515  -2.1515   2.1515  -2.1515   0.0000   0.0000   0.0000 

